codigo,termo
8485-05,Abatedor
7663-05,Acabador de embalagens (flexíveis e cartotécnicas)
7161-05,Acabador de superfícies de concreto
8485-10,Açougueiro
3762-05,Acrobata
2521-05,Administrador
2123-05,Administrador de banco de dados
5101-10,Administrador de edifícios
2525-05,Administrador de fundos e carteiras de investimento
2123-10,Administrador de redes
2123-15,Administrador de sistemas operacionais
2123-20,Administrador em segurança da informação
2410-05,Advogado
2410-30,Advogado (áreas especiais)
2410-15,Advogado (direito civil)
2410-35,Advogado (direito do trabalho)
2410-25,Advogado (direito penal)
2410-20,Advogado (direito público)
2412-05,Advogado da união
2410-10,Advogado de empresa
7213-05,Afiador de cardas
7213-10,Afiador de cutelaria
7213-15,Afiador de ferramentas
7213-20,Afiador de serras
7421-05,Afinador de instrumentos musicais
3421-20,Afretador
2531-40,Agenciador de propaganda
5151-05,Agente comunitário de saúde
5153-10,Agente de ação social
5151-40,Agente de combate às endemias
3522-05,Agente de defesa ambiental
3524-05,Agente de direitos autorais
3424-05,Agente de estação (ferrovia e metrô)
2543-10,Agente de higiene e segurança
3519-05,Agente de inteligência
2151-05,Agente de manobra e docagem
4110-50,Agente de microcrédito
7831-05,Agente de pátio
5172-05,Agente de polícia federal
3425-50,Agente de proteção de aviação civil
3513-15,Agente de recrutamento e seleção
3522-10,Agente de saúde pública
5173-10,Agente de segurança
5173-15,Agente de segurança penitenciária
5172-20,Agente de trânsito
3541-20,Agente de vendas de serviços
3548-15,Agente de viagem
3523-15,Agente fiscal metrológico
3523-20,Agente fiscal têxtil
5165-05,Agente funerário
5151-30,Agente indígena de saneamento
5151-25,Agente indígena de saúde
3519-10,Agente técnico de inteligência
6326-15,Ajudante de carvoaria
7631-25,Ajudante de confecção
3422-05,Ajudante de despachante aduaneiro
7832-25,Ajudante de motorista
7411-05,Ajustador de instrumentos de precisão
7250-05,Ajustador ferramenteiro
7250-10,Ajustador mecânico
7250-20,Ajustador mecânico em bancada
7250-25,Ajustador naval (reparo e construção)
8417-05,Alambiqueiro
7630-05,Alfaiate
7842-05,Alimentador de linha de produção
9921-05,Alinhador de pneus
4141-05,Almoxarife
7614-05,Alvejador (tecidos)
7111-05,Amostrador de minérios
2525-10,Analista de câmbio
2525-15,Analista de cobrança (instituições financeiras)
2525-25,Analista de crédito (instituições financeiras)
2525-30,Analista de crédito rural
2124-05,Analista de desenvolvimento de sistemas
3543-05,Analista de exportação e importação
4131-05,Analista de folha de pagamento
2612-15,Analista de informações (pesquisador de informações de rede)
2525-35,Analista de leasing
1423-30,Analista de negócios
1423-35,Analista de pesquisa de mercado
1115-10,Analista de planejamento e orçamento - apo
2525-40,Analista de produtos bancários
2524-05,Analista de recursos humanos
2124-10,Analista de redes e de comunicação de dados
3517-05,Analista de seguros (técnico)
3517-10,Analista de sinistros
2124-15,Analista de sistemas de automação
2124-20,Analista de suporte computacional
2525-45,Analista financeiro (instituições financeiras)
2617-05,Âncora de rádio e televisão
2511-05,Antropólogo
6134-05,Apicultor
7157-05,Aplicador de asfalto impermeabilizante (coberturas)
7522-05,Aplicador serigráfico em vidros
4142-05,Apontador de mão-de-obra
4142-10,Apontador de produção
3763-25,Apresentador de circo
3763-05,Apresentador de eventos
3763-10,Apresentador de festas populares
3763-20,Apresentador de programas de televisão
3772-10,Árbitro de atletismo
3772-15,Árbitro de basquete
3772-20,Árbitro de futebol
3772-25,Árbitro de futebol de salão
3772-30,Árbitro de judô
3772-35,Árbitro de karatê
3772-40,Árbitro de poló aquático
3772-45,Árbitro de vôlei
7153-05,Armador de estrutura de concreto
7153-15,Armador de estrutura de concreto armado
3250-10,Aromista
2511-10,Arqueólogo
2141-05,Arquiteto de edificações
2141-10,Arquiteto de interiores
2141-15,Arquiteto de patrimônio
2141-20,Arquiteto paisagista
2141-25,Arquiteto urbanista
2613-05,Arquivista
4151-05,Arquivista de documentos
2611-05,Arquivista pesquisador (jornalismo)
7633-05,Arrematadeira
7911-05,Artesão bordador
7911-10,Artesão ceramista
7911-15,Artesão com material reciclável
7911-20,Artesão confeccionador de biojóias e ecojóias
7911-50,Artesão crocheteiro
7911-25,Artesão do couro
7911-30,Artesão escultor
7521-05,Artesão modelador (vidros)
7911-35,Artesão moveleiro (exceto reciclado)
7911-60,Artesão rendeiro
7911-40,Artesão tecelão
7911-45,Artesão trançador
7911-55,Artesão tricoteiro
2263-10,Arteterapeuta
7683-05,Artífice do couro
3762-10,Artista aéreo
3762-15,Artista de circo (outros)
5141-05,Ascensorista
7241-05,Assentador de canalização (edificações)
4110-10,Assistente administrativo
3517-15,Assistente comercial de seguros
2628-05,Assistente de coreografia
8181-05,Assistente de laboratório industrial
3541-25,Assistente de vendas
2516-05,Assistente social
3517-20,Assistente técnico de seguros
7165-05,Assoalhador
5167-05,Astrólogo
2133-05,Astrônomo
4211-05,Atendente comercial (agência postal)
4132-05,Atendente de agência
5151-10,Atendente de enfermagem
5211-30,Atendente de farmácia - balconista
4110-15,Atendente de judiciário
5134-35,Atendente de lanchonete
5163-40,Atendente de lavanderia
5211-40,Atendente de lojas e mercados
3771-05,Atleta profissional (outras modalidades)
3771-15,Atleta profissional de golfe
3771-20,Atleta profissional de luta
3771-25,Atleta profissional de tênis
2625-05,Ator
2111-05,Atuário
2614-30,Audiodescritor
2522-05,Auditor (contadores e afins)
2542-05,Auditor-fiscal da previdência social
2541-05,Auditor-fiscal da receita federal
2543-05,Auditor-fiscal do trabalho
2615-05,Autor-roteirista
5152-05,Auxiliar de banco de sangue
3711-05,Auxiliar de biblioteca
4110-25,Auxiliar de cartório
4131-10,Auxiliar de contabilidade
7631-05,Auxiliar de corte (preparação da confecção de roupas)
3311-10,Auxiliar de desenvolvimento infantil
3222-30,Auxiliar de enfermagem
3222-50,Auxiliar de enfermagem da estratégia de saúde da família
3222-35,Auxiliar de enfermagem do trabalho
4110-05,Auxiliar de escritório
4110-35,Auxiliar de estatística
5152-10,Auxiliar de farmácia de manipulação
4131-15,Auxiliar de faturamento
4110-20,Auxiliar de judiciário
5152-15,Auxiliar de laboratório de análises clínicas
8181-10,Auxiliar de laboratório de análises físico-químicas
5152-20,Auxiliar de laboratório de imunobiológicos
5163-45,Auxiliar de lavanderia
5143-10,Auxiliar de manutenção predial
7826-25,Auxiliar de maquinista de trem
8421-20,Auxiliar de processamento de fumo
5152-25,Auxiliar de produção farmacêutica
3224-20,Auxiliar de prótese dentária
7664-20,Auxiliar de radiologia (revelação fotográfica)
3222-40,Auxiliar de saúde (navegação marítima)
4110-40,Auxiliar de seguros
4110-45,Auxiliar de serviços de importação e exportação
3514-30,Auxiliar de serviços jurídicos
5193-05,Auxiliar de veterinário
3224-15,Auxiliar em saúde bucal
3224-30,Auxiliar em saúde bucal da estratégia de saúde da família
9922-25,Auxiliar geral de conservação de vias permanentes (exceto trilhos)
5135-05,Auxiliar nos serviços de alimentação
3251-05,Auxiliar técnico em laboratório de farmácia
3544-15,Avaliador de bens móveis
3544-10,Avaliador de imóveis
3524-10,Avaliador de produtos do meio de comunicação
2241-05,Avaliador físico
6133-05,Avicultor
2628-10,Bailarino (exceto danças populares)
9921-10,Balanceador
4141-15,Balanceiro
8117-05,Bamburista
5193-15,Banhista de animais domésticos
5161-05,Barbeiro
5134-40,Barista
5134-20,Barman
7511-05,Bate-folha a máquina
2612-05,Bibliotecário
5112-20,Bilheteiro (estações de metrô; ferroviárias e assemelhadas)
4211-10,Bilheteiro de transportes coletivos
4211-15,Bilheteiro no serviço de diversões
2011-05,Bioengenheiro
2211-05,Biólogo
2212-05,Biomédico
2011-10,Biotecnologista
7832-30,Bloqueiro (trabalhador portuário)
7311-65,Bobinador eletricista; à mão
7311-70,Bobinador eletricista; à máquina
7828-15,Boiadeiro
5171-10,Bombeiro civil
5171-05,Bombeiro de aeródromo
7650-15,Boneleiro
7682-05,Bordador; a mão
7633-10,Bordador; à máquina
9921-15,Borracheiro
5161-10,Cabeleireiro
7224-05,Cableador
0312-05,Cabo bombeiro militar
0212-05,Cabo da polícia militar
1130-05,Cacique
6126-05,Cafeicultor
4132-10,Caixa de banco
7166-05,Calafetador
8117-10,Calandrista de borracha
8321-05,Calandrista de papel
7152-05,Calceteiro
7244-05,Caldeireiro (chapas de cobre)
7244-10,Caldeireiro (chapas de ferro e aço)
5133-05,Camareira de teatro
5133-10,Camareira de televisão
5133-15,Camareiro de hotel
5133-20,Camareiro de embarcações
7825-05,Caminhoneiro autônomo (rotas regionais e internacionais)
7111-10,Canteiro
0302-05,Capitão bombeiro militar
0202-05,Capitão da polícia militar
2151-10,Capitão de manobra da marinha mercante
6326-10,Carbonizador
7155-05,Carpinteiro
7155-15,Carpinteiro (cenários)
7155-10,Carpinteiro (esquadrias)
7155-20,Carpinteiro (mineração)
7155-30,Carpinteiro (telhados)
7772-05,Carpinteiro de carretas
7772-10,Carpinteiro de carrocerias
7155-35,Carpinteiro de fôrmas para concreto
7155-25,Carpinteiro de obras
7155-40,Carpinteiro de obras civis de arte (pontes; túneis; barragens)
7771-05,Carpinteiro naval (construção de pequenas embarcações)
7771-10,Carpinteiro naval (embarcações)
7771-15,Carpinteiro naval (estaleiros)
7832-05,Carregador (aeronaves)
7832-10,Carregador (armazém)
7832-15,Carregador (veículos de transportes terrestres)
5199-05,Cartazeiro
4152-05,Carteiro
8332-05,Cartonageiro; a mão (caixas de papelão)
8331-05,Cartonageiro; a máquina
6326-05,Carvoeiro
6220-05,Caseiro (agricultura)
6230-25,Casqueador de animais
6310-05,Catador de caranguejos e siris
6310-10,Catador de mariscos
8422-25,Celofanista na fabricação de charutos
7231-05,Cementador de metais
2623-05,Cenógrafo carnavalesco e festas populares
2623-10,Cenógrafo de cinema
2623-15,Cenógrafo de eventos
2623-20,Cenógrafo de teatro
3742-05,Cenotécnico (cinema; vídeo; televisão; teatro e espetáculos)
7523-05,Ceramista
7523-10,Ceramista (torno de pedal e motor)
7523-15,Ceramista (torno semi-automático)
7523-20,Ceramista modelador
7523-25,Ceramista moldador
7523-30,Ceramista prensador
3548-25,Cerimonialista
7682-10,Cerzidor
7764-05,Cesteiro
7244-15,Chapeador
7244-30,Chapeador de aeronaves
7244-20,Chapeador de carrocerias metálicas (fabricação)
7244-25,Chapeador naval
7681-25,Chapeleiro (chapéus de palha)
7650-10,Chapeleiro de senhoras
8422-30,Charuteiro a mão
5231-15,Chaveiro
5101-30,Chefe de bar
8401-20,Chefe de confeitaria
3511-10,Chefe de contabilidade (técnico)
2711-05,Chefe de cozinha
3426-05,Chefe de estação portuária
5101-20,Chefe de portaria de hotel
3423-05,Chefe de serviço de transporte rodoviário (passageiros e cargas)
3532-35,Chefe de serviços bancários
5136-05,Churrasqueiro
5191-05,Ciclista mensageiro
2511-15,Cientista político
8311-05,Cilindreiro na preparação de pasta para fabricação de papel
8131-05,Cilindrista (petroquímica e afins)
3163-40,Cimentador (poços de petróleo)
2232-04,Cirurgião dentista - auditor
2232-80,Cirurgião dentista - dentística
2232-84,Cirurgião dentista - disfunção temporomandibular e dor orofacial
2232-12,Cirurgião dentista - endodontista
2232-16,Cirurgião dentista - epidemiologista
2232-20,Cirurgião dentista - estomatologista
2232-24,Cirurgião dentista - implantodontista
2232-28,Cirurgião dentista - odontogeriatra
2232-76,Cirurgião dentista - odontologia do trabalho
2232-32,Cirurgião dentista - odontologista legal
2232-36,Cirurgião dentista - odontopediatra
2232-40,Cirurgião dentista - ortopedista e ortodontista
2232-44,Cirurgião dentista - patologista bucal
2232-48,Cirurgião dentista - periodontista
2232-52,Cirurgião dentista - protesiólogo bucomaxilofacial
2232-56,Cirurgião dentista - protesista
2232-60,Cirurgião dentista - radiologista
2232-64,Cirurgião dentista - reabilitador oral
2232-68,Cirurgião dentista - traumatologista bucomaxilofacial
2232-72,Cirurgião dentista de saúde coletiva
2232-93,Cirurgião-dentista da estratégia de saúde da família
3242-15,Citotécnico
8422-15,Classificador de charutos
7622-10,Classificador de couros
7611-05,Classificador de fibras têxteis
8421-15,Classificador de fumo
8484-25,Classificador de grãos
7721-05,Classificador de madeira
7621-05,Classificador de peles
6321-05,Classificador de toras
8233-05,Classificador e empilhador de tijolos refratários
5112-15,Cobrador de transportes coletivos (exceto trem)
4213-05,Cobrador externo
4213-10,Cobrador interno
4151-15,Codificador de dados
7652-05,Colchoeiro (confecção de colchões)
3712-05,Colecionador de selos e moedas
5142-05,Coletor de lixo domiciliar
5142-30,Coletor de resíduos sólidos de serviços de saúde
3117-05,Colorista de papel
2151-15,Comandante da marinha mercante
2617-10,Comentarista de rádio e televisão
1414-05,Comerciante atacadista
1414-10,Comerciante varejista
5111-10,Comissário de trem
5111-05,Comissário de vôo
4132-15,Compensador de banco
2626-05,Compositor
3542-05,Comprador
4221-30,Concierge
7823-20,Condutor de ambulância
3413-10,Condutor de máquinas
3413-20,Condutor de máquinas (bombeador)
3413-25,Condutor de máquinas (mecânico)
7811-05,Condutor de processos robotizados de pintura
7811-10,Condutor de processos robotizados de soldagem
5115-05,Condutor de turismo de aventura
7828-20,Condutor de veículos a pedais
7828-05,Condutor de veículos de tração animal (ruas e estradas)
3413-05,Condutor maquinista motorista fluvial
7421-10,Confeccionador de acordeão
7650-05,Confeccionador de artefatos de couro (exceto sapatos)
8331-10,Confeccionador de bolsas; sacos e sacolas e papel; a máquina
7652-15,Confeccionador de brinquedos de pano
7686-30,Confeccionador de carimbos de borracha
7764-10,Confeccionador de escovas; pincéis e produtos similares (a mão)
7764-15,Confeccionador de escovas; pincéis e produtos similares (a máquina)
7421-15,Confeccionador de instrumentos de corda
7421-20,Confeccionador de instrumentos de percussão (pele; couro ou plástico)
7421-25,Confeccionador de instrumentos de sopro (madeira)
7421-30,Confeccionador de instrumentos de sopro (metal)
7764-20,Confeccionador de móveis de vime; junco e bambu
7421-35,Confeccionador de órgão
7421-40,Confeccionador de piano
8117-15,Confeccionador de pneumáticos
8331-15,Confeccionador de sacos de celofane; a máquina
7652-25,Confeccionador de velas náuticas; barracas e toldos
8117-25,Confeccionador de velas por imersão
8117-35,Confeccionador de velas por moldagem
8483-10,Confeiteiro
4142-15,Conferente de carga e descarga
4132-20,Conferente de serviços bancários
5163-35,Conferente-expedidor de roupas (lavanderias)
5153-20,Conselheiro tutelar
9911-05,Conservador de via permanente (trilhos)
2624-15,Conservador-restaurador de bens culturais
3511-15,Consultor contábil (técnico)
2410-40,Consultor jurídico
2522-10,Contador
4122-05,Contínuo
3762-20,Contorcionista
7601-05,Contramestre de acabamento (indústria têxtil)
7601-10,Contramestre de fiação (indústria têxtil)
7601-15,Contramestre de malharia (indústria têxtil)
7601-20,Contramestre de tecelagem (indústria têxtil)
3911-15,Controlador de entrada e saída
5199-10,Controlador de pragas
3421-15,Controlador de serviços de máquinas e veículos
3425-05,Controlador de tráfego aéreo
2151-20,Coordenador de operações de combate à poluição no meio aquaviário
2394-05,Coordenador pedagógico
5134-25,Copeiro
5134-30,Copeiro de hospital
7661-05,Copiador de chapa
2628-15,Coreógrafo
0301-05,Coronel bombeiro militar
0201-05,Coronel da polícia militar
3546-05,Corretor de imóveis
3545-05,Corretor de seguros
2533-05,Corretor de valores; ativos financeiros; mercadorias e derivativos
7651-05,Cortador de artefatos de couro (exceto roupas e calçados)
7683-10,Cortador de calçados; a mão (exceto solas)
7641-05,Cortador de calçados; a máquina (exceto solas e palmilhas)
8422-20,Cortador de charutos
7731-05,Cortador de laminados de madeira
7122-05,Cortador de pedras
7631-10,Cortador de roupas
7641-10,Cortador de solas e palmilhas; a máquina
7651-10,Cortador de tapeçaria
7522-10,Cortador de vidro
7683-15,Costurador de artefatos de couro; a mão (exceto roupas e calçados)
7653-10,Costurador de artefatos de couro; a máquina (exceto roupas e calçados)
7642-05,Costurador de calçados; a máquina
7630-10,Costureira de peças sob encomenda
7630-15,Costureira de reparação de roupas
7630-20,Costureiro de roupa de couro e pele
7632-10,Costureiro na confecção em série
7632-15,Costureiro; a máquina na confecção em série
8414-08,Cozinhador (conservação de alimentos)
8414-16,Cozinhador de carnes
8414-20,Cozinhador de frutas e legumes
8417-30,Cozinhador de malte
8414-28,Cozinhador de pescado
5132-25,Cozinheiro de embarcações
5132-20,Cozinheiro de hospital
5132-10,Cozinheiro do serviço doméstico
5132-05,Cozinheiro geral
5132-15,Cozinheiro industrial
6130-10,Criador de animais domésticos
6134-10,Criador de animais produtores de veneno
6131-05,Criador de asininos e muares
6131-10,Criador de bovinos (corte)
6131-20,Criador de bubalinos (corte)
6131-25,Criador de bubalinos (leite)
6313-05,Criador de camarões
6132-05,Criador de caprinos
6131-30,Criador de eqüínos
6313-10,Criador de jacarés
6313-20,Criador de ostras
6132-10,Criador de ovinos
6313-25,Criador de peixes
6313-30,Criador de quelônios
6313-35,Criador de rãs
6132-15,Criador de suínos
6130-05,Criador em pecuária polivalente
2615-10,Crítico
7681-30,Crocheteiro; a mão
3911-05,Cronoanalista
3911-10,Cronometrista
5162-10,Cuidador de idosos
5162-20,Cuidador em saúde
5134-15,Cumim
6133-10,Cunicultor
7622-05,Curtidor (couros e peles)
3761-10,Dançarino popular
3761-05,Dançarino tradicional
7232-05,Decapador
7524-05,Decorador de cerâmica
3751-20,Decorador de eventos
2629-05,Decorador de interiores de nível superior
7524-10,Decorador de vidro
7524-15,Decorador de vidro à pincel
2424-05,Defensor público
8481-05,Defumador de carnes e pescados
8484-05,Degustador de café
8484-10,Degustador de chá
8422-35,Degustador de charutos
8484-15,Degustador de derivados de cacau
8484-20,Degustador de vinhos ou licores
2423-05,Delegado de polícia
7170-05,Demolidor de edificações
5211-20,Demonstrador de mercadorias
1111-15,Deputado estadual e distrital
1111-10,Deputado federal
7621-10,Descarnador de couros e peles; à maquina
3180-10,Desenhista copista
3180-15,Desenhista detalhista
2624-20,Desenhista industrial de produto (designer de produto)
2624-25,Desenhista industrial de produto de moda (designer de moda)
2624-10,Desenhista industrial gráfico (designer gráfico)
3185-05,Desenhista projetista de arquitetura
3185-10,Desenhista projetista de construção civil
3187-05,Desenhista projetista de eletricidade
3186-05,Desenhista projetista de máquinas
3187-10,Desenhista projetista eletrônico
3186-10,Desenhista projetista mecânico
3180-05,Desenhista técnico
3184-05,Desenhista técnico (artes gráficas)
3183-10,Desenhista técnico (calefação; ventilação e refrigeração)
3181-10,Desenhista técnico (cartografia)
3181-15,Desenhista técnico (construção civil)
3183-05,Desenhista técnico (eletricidade e eletrônica)
3184-10,Desenhista técnico (ilustrações artísticas)
3184-15,Desenhista técnico (ilustrações técnicas)
3184-20,Desenhista técnico (indústria têxtil)
3181-20,Desenhista técnico (instalações hidrossanitárias)
3184-25,Desenhista técnico (mobiliário)
3182-10,Desenhista técnico aeronáutico
3184-30,Desenhista técnico de embalagens; maquetes e leiautes
3182-05,Desenhista técnico mecânico
3182-15,Desenhista técnico naval
8414-32,Desidratador de alimentos
3751-05,Designer de interiores
3751-10,Designer de vitrines
2394-35,Designer educacional
3163-35,Desincrustador (poços de petróleo)
8485-15,Desossador
3422-10,Despachante aduaneiro
4231-10,Despachante de trânsito
5112-10,Despachante de transportes coletivos (exceto trem)
4231-05,Despachante documentalista
3425-10,Despachante operacional de vôo
8417-35,Dessecador de malte
8114-05,Destilador de madeira
8114-10,Destilador de produtos químicos (exceto petróleo)
7111-15,Destroçador de pedra
7111-20,Detonador
2237-05,Dietista
4121-10,Digitador
1231-05,Diretor administrativo
1231-10,Diretor administrativo e financeiro
1233-05,Diretor comercial
1225-05,Diretor de produção e operações de alimentação
1225-10,Diretor de produção e operações de hotel
1225-15,Diretor de produção e operações de turismo
2623-30,Diretor de arte
2531-25,Diretor de arte (publicidade)
1227-20,Diretor de câmbio e comércio exterior
2622-05,Diretor de cinema
1227-25,Diretor de compliance
2531-35,Diretor de contas (publicidade)
1227-35,Diretor de crédito imobiliário
1227-15,Diretor de crédito rural
2531-30,Diretor de criação
3721-05,Diretor de fotografia
1313-10,Diretor de instituição educacional pública
1227-40,Diretor de leasing
1238-05,Diretor de manutenção
1233-10,Diretor de marketing
1227-45,Diretor de mercado de capitais
2531-20,Diretor de mídia (publicidade)
1224-05,Diretor de operações comerciais (comércio atacadista e varejista)
1226-05,Diretor de operações de correios
1223-05,Diretor de operações de obras pública e civil
1226-10,Diretor de operações de serviços de armazenamento
1226-15,Diretor de operações de serviços de telecomunicações
1226-20,Diretor de operações de serviços de transporte
1237-05,Diretor de pesquisa e desenvolvimento (p&d)
1210-05,Diretor de planejamento estratégico
1221-05,Diretor de produção e operações em empresa agropecuária
1221-10,Diretor de produção e operações em empresa aqüícola
1221-15,Diretor de produção e operações em empresa florestal
1221-20,Diretor de produção e operações em empresa pesqueira
1227-10,Diretor de produtos bancários
2622-10,Diretor de programas de rádio
2622-15,Diretor de programas de televisão
1227-50,Diretor de recuperação de créditos em operações de intermediação financeira
1232-05,Diretor de recursos humanos
2611-15,Diretor de redação
1232-10,Diretor de relações de trabalho
1227-55,Diretor de riscos de mercado
1311-05,Diretor de serviços culturais
1312-05,Diretor de serviços de saúde
1311-10,Diretor de serviços sociais
1234-05,Diretor de suprimentos
1234-10,Diretor de suprimentos no serviço público
1231-15,Diretor financeiro
1210-10,Diretor geral de empresa e organizações (exceto de interesse público)
2622-20,Diretor teatral
1141-05,Dirigente de partido político
1114-10,Dirigente do serviço público estadual e distrital
1114-05,Dirigente do serviço público federal
1114-15,Dirigente do serviço público municipal
1144-05,Dirigente e administrador de organização da sociedade civil sem fins lucrativos
1143-05,Dirigente e administrador de organização religiosa
1142-05,Dirigentes de entidades de trabalhadores
1142-10,Dirigentes de entidades patronais
3741-45,Dj (disc jockey)
2612-10,Documentalista
3762-25,Domador de animais (circense)
3221-35,Doula
8118-10,Drageador (medicamentos)
2628-20,Dramaturgo de dança
2512-05,Economista
2512-10,Economista agroindustrial
2512-30,Economista ambiental
2512-25,Economista do setor público
2516-10,Economista doméstico
2512-15,Economista financeiro
2512-20,Economista industrial
2512-35,Economista regional e urbano
2611-20,Editor
2616-05,Editor de jornal
2616-10,Editor de livro
2616-15,Editor de mídia eletrônica
2616-20,Editor de revista
2616-25,Editor de revista científica
7661-20,Editor de texto e imagem
5153-05,Educador social
3413-15,Eletricista de bordo
7156-15,Eletricista de instalações
9531-05,Eletricista de instalações (aeronaves)
7156-05,Eletricista de instalações (cenários)
7156-10,Eletricista de instalações (edifícios)
7321-05,Eletricista de manutenção de linhas elétricas; telefônicas e de comunicação de dados
9511-05,Eletricista de manutenção eletroeletrônica
9541-05,Eletromecânico de manutenção de elevadores
9541-10,Eletromecânico de manutenção de escadas rolantes
9541-15,Eletromecânico de manutenção de portas automáticas
3131-05,Eletrotécnico
3131-10,Eletrotécnico (produção de energia)
7841-05,Embalador; a mão
7841-10,Embalador; a máquina
3281-05,Embalsamador
7321-10,Emendador de cabos elétricos e telefônicos (aéreos e subterrâneos)
4211-20,Emissor de passagens
5121-05,Empregado doméstico nos serviços gerais
5121-10,Empregado doméstico arrumador
5121-15,Empregado doméstico faxineiro
5121-20,Empregado doméstico diarista
7241-10,Encanador
8214-05,Encarregado de acabamento de chapas e metais (têmpera)
7603-05,Encarregado de corte na confecção do vestuário
7603-10,Encarregado de costura na confecção do vestuário
9502-05,Encarregado de manutenção elétrica de veículos
9101-05,Encarregado de manutenção mecânica de sistemas operacionais
2235-05,Enfermeiro
2235-10,Enfermeiro auditor
2235-65,Enfermeiro da estratégia de saúde da família
2235-15,Enfermeiro de bordo
2235-20,Enfermeiro de centro cirúrgico
2235-25,Enfermeiro de terapia intensiva
2235-30,Enfermeiro do trabalho
2235-35,Enfermeiro nefrologista
2235-40,Enfermeiro neonatologista
2235-45,Enfermeiro obstétrico
2235-55,Enfermeiro puericultor e pediátrico
2235-60,Enfermeiro sanitarista
7631-15,Enfestador de roupas
7510-05,Engastador (jóias)
2144-25,Engenheiro aeronáutico
2221-05,Engenheiro agrícola
2148-05,Engenheiro agrimensor
2221-10,Engenheiro agrônomo
2140-05,Engenheiro ambiental
2148-10,Engenheiro cartógrafo
2142-05,Engenheiro civil
2142-10,Engenheiro civil (aeroportos)
2142-15,Engenheiro civil (edificações)
2142-20,Engenheiro civil (estruturas metálicas)
2142-25,Engenheiro civil (ferrovias e metrovias)
2142-30,Engenheiro civil (geotécnia)
2142-40,Engenheiro civil (hidráulica)
2142-35,Engenheiro civil (hidrologia)
2142-45,Engenheiro civil (pontes e viadutos)
2142-50,Engenheiro civil (portos e vias navegáveis)
2142-55,Engenheiro civil (rodovias)
2142-60,Engenheiro civil (saneamento)
2142-70,Engenheiro civil (transportes e trânsito)
2142-65,Engenheiro civil (túneis)
2222-05,Engenheiro de alimentos
2122-05,Engenheiro de aplicativos em computação
2149-10,Engenheiro de controle de qualidade
2021-10,Engenheiro de controle e automação
2143-35,Engenheiro de manutenção de telecomunicações
2146-05,Engenheiro de materiais
2147-05,Engenheiro de minas
2147-10,Engenheiro de minas (beneficiamento)
2147-15,Engenheiro de minas (lavra a céu aberto)
2147-20,Engenheiro de minas (lavra subterrânea)
2147-30,Engenheiro de minas (planejamento)
2147-35,Engenheiro de minas (processo)
2147-40,Engenheiro de minas (projeto)
2221-15,Engenheiro de pesca
2149-05,Engenheiro de produção
2143-50,Engenheiro de redes de comunicação
2149-20,Engenheiro de riscos
2149-15,Engenheiro de segurança do trabalho
2143-40,Engenheiro de telecomunicações
2149-25,Engenheiro de tempos e movimentos
2143-05,Engenheiro eletricista
2143-15,Engenheiro eletricista de manutenção
2143-20,Engenheiro eletricista de projetos
2143-10,Engenheiro eletrônico
2143-25,Engenheiro eletrônico de manutenção
2143-30,Engenheiro eletrônico de projetos
2221-20,Engenheiro florestal
2144-05,Engenheiro mecânico
2144-15,Engenheiro mecânico (energia nuclear)
2144-10,Engenheiro mecânico automotivo
2144-20,Engenheiro mecânico industrial
2021-05,Engenheiro mecatrônico
2146-10,Engenheiro metalurgista
2144-30,Engenheiro naval
2143-45,Engenheiro projetista de telecomunicações
2145-05,Engenheiro químico
2145-10,Engenheiro químico (indústria química)
2145-20,Engenheiro químico (papel e celulose)
2145-25,Engenheiro químico (petróleo e borracha)
2145-30,Engenheiro químico (utilidades e meio ambiente)
2122-15,Engenheiros de sistemas operacionais em computação
5199-15,Engraxate
3250-05,Enólogo
2628-25,Ensaiador de dança
7751-05,Entalhador de madeira
4152-15,Entregador de publicações
4241-05,Entrevistador censitário e de pesquisas amostrais
4241-10,Entrevistador de pesquisa de opinião e mídia
4241-15,Entrevistador de pesquisas de mercado
4241-20,Entrevistador de preços
4241-30,Entrevistador social
7622-15,Enxugador de couros
3762-30,Equilibrista
2263-15,Equoterapeuta
8214-10,Escarfador
3912-25,Escolhedor de papel
7111-25,Escorador de minas
3514-05,Escrevente
2615-15,Escritor de ficção
2615-20,Escritor de não ficção
4241-25,Escriturário em estatística
4132-25,Escriturário de banco
3514-20,Escrivão de polícia
3514-15,Escrivão extra - judicial
3514-10,Escrivão judicial
5168-05,Esotérico
1115-05,Especialista de políticas públicas e gestão governamental - eppgg
2012-10,Especialista em calibrações metrológicas
1426-10,Especialista em desenvolvimento de cigarros
2012-15,Especialista em ensaios metrológicos
2012-20,Especialista em instrumentação metrológica
2012-25,Especialista em materiais de referência metrológica
2111-10,Especialista em pesquisa operacional
7614-10,Estampador de tecido
2112-05,Estatístico
2112-10,Estatístico (estatística aplicada)
2112-15,Estatístico teórico
7764-25,Esteireiro
3515-15,Estenotipista
8414-40,Esterilizador de alimentos
3221-30,Esteticista
7623-05,Estirador de couros e peles (acabamento)
7621-15,Estirador de couros e peles (preparação)
7224-10,Estirador de tubos de metal sem costura
7832-20,Estivador
7652-30,Estofador de aviões
7652-35,Estofador de móveis
7321-15,Examinador de cabos; linhas elétricas e telefônicas
8232-10,Extrusor de fios ou fibras de vidro
2234-05,Farmacêutico
2234-15,Farmacêutico analista clínico
2234-20,Farmacêutico de alimentos
2234-30,Farmacêutico em saúde pública
2234-45,Farmacêutico hospitalar e clínico
2234-35,Farmacêutico industrial
2234-25,Farmacêutico práticas integrativas e complementares
2234-40,Farmacêutico toxicologista
5143-20,Faxineiro
5242-05,Feirante
8417-15,Fermentador
6230-30,Ferrador de animais
7211-05,Ferramenteiro
7211-10,Ferramenteiro de mandris; calibradores e outros dispositivos
2614-05,Filólogo
2514-05,Filósofo
8417-10,Filtrador de cerveja
3744-10,Finalizador de filmes
3744-15,Finalizador de vídeo
2545-05,Fiscal de atividades urbanas
3425-15,Fiscal de aviação civil (fac)
5174-25,Fiscal de loja
7102-25,Fiscal de pátio de usina de concreto
5112-05,Fiscal de transportes coletivos (exceto trem)
2544-05,Fiscal de tributos estadual
2544-10,Fiscal de tributos municipal
2131-05,Físico
2131-10,Físico (acústica)
2131-15,Físico (atômica e molecular)
2131-20,Físico (cosmologia)
2131-25,Físico (estatística e matemática)
2131-30,Físico (fluidos)
2131-35,Físico (instrumentação)
2131-40,Físico (matéria condensada)
2131-45,Físico (materiais)
2131-50,Físico (medicina)
2131-55,Físico (nuclear e reatores)
2131-60,Físico (óptica)
2131-65,Físico (partículas e campos)
2131-70,Físico (plasma)
2131-75,Físico (térmica)
2236-60,Fisioterapeuta do trabalho
2236-50,Fisioterapeuta acupunturista
2236-55,Fisioterapeuta esportivo
2236-05,Fisioterapeuta geral
2236-40,Fisioterapeuta osteopata
2236-45,Fisioterapeuta quiropraxista
2236-25,Fisioterapeuta respiratória
2236-35,Fisioterapeuta traumato-ortopédica funcional
4151-20,Fitotecário
8621-05,Foguista (locomotivas a vapor)
7751-10,Folheador de móveis de madeira
2238-15,Fonoaudiólogo educacional
2238-20,Fonoaudiólogo em audiologia
2238-25,Fonoaudiólogo em disfagia
2238-30,Fonoaudiólogo em linguagem
2238-35,Fonoaudiólogo em motricidade orofacial
2238-40,Fonoaudiólogo em saúde coletiva
2238-45,Fonoaudiólogo em voz
2238-10,Fonoaudiólogo geral
7221-05,Forjador
7221-10,Forjador a martelo
7221-15,Forjador prensista
8233-15,Forneiro (materiais de construção)
8221-05,Forneiro de cubilô
8221-10,Forneiro de forno-poço
8221-15,Forneiro de fundição (forno de redução)
8221-20,Forneiro de reaquecimento e tratamento térmico na metalurgia
8221-25,Forneiro de revérbero
8212-05,Forneiro e operador (alto-forno)
8212-10,Forneiro e operador (conversor a oxigênio)
8212-15,Forneiro e operador (forno elétrico)
8212-20,Forneiro e operador (refino de metais não-ferrosos)
8212-25,Forneiro e operador de forno de redução direta
8232-15,Forneiro na fundição de vidro
8232-20,Forneiro no recozimento de vidro
2618-05,Fotógrafo
2618-10,Fotógrafo publicitário
2618-15,Fotógrafo retratista
7621-20,Fuloneiro
7623-10,Fuloneiro no acabamento de couros e peles
7511-10,Fundidor (joalheria e ourivesaria)
7222-05,Fundidor de metais
9913-05,Funileiro de veículos (reparação)
7244-35,Funileiro industrial
7232-15,Galvanizador
5199-20,Gandula
5141-10,Garagista
5134-05,Garçom
5134-10,Garçom (serviços de vinhos)
7114-05,Garimpeiro
6314-05,Gelador industrial
6314-10,Gelador profissional
2011-15,Geneticista
2134-15,Geofísico
2133-10,Geofísico espacial
2513-05,Geógrafo
2134-05,Geólogo
2134-10,Geólogo de engenharia
2134-20,Geoquímico
1421-05,Gerente administrativo
1423-05,Gerente comercial
3425-20,Gerente da administração de aeroportos
1417-10,Gerente de agência
1424-15,Gerente de almoxarifado
1415-15,Gerente de bar
1417-15,Gerente de câmbio e comércio exterior
2532-05,Gerente de captação (fundos e investimentos institucionais)
2532-10,Gerente de clientes especiais (private)
1424-05,Gerente de compras
1423-10,Gerente de comunicação
2532-15,Gerente de contas - pessoa física e jurídica
1417-20,Gerente de crédito e cobrança
1417-25,Gerente de crédito imobiliário
1417-30,Gerente de crédito rural
1422-10,Gerente de departamento pessoal
1425-10,Gerente de desenvolvimento de sistemas
3425-25,Gerente de empresa aérea em aeroportos
2532-20,Gerente de grandes contas (corporate)
1415-05,Gerente de hotel
1313-15,Gerente de instituição educacional da área privada
1416-15,Gerente de logística (armazenagem e distribuição)
1414-15,Gerente de loja e supermercado
1423-15,Gerente de marketing
1416-10,Gerente de operações de correios e telecomunicações
1414-20,Gerente de operações de serviços de assistência técnica
1416-05,Gerente de operações de transportes
1415-20,Gerente de pensão
1426-05,Gerente de pesquisa e desenvolvimento (p&d)
1425-15,Gerente de produção de tecnologia da informação
1412-05,Gerente de produção e operações
1411-05,Gerente de produção e operações aqüícolas
1411-10,Gerente de produção e operações florestais
1411-15,Gerente de produção e operações agropecuárias
1413-05,Gerente de produção e operações da construção civil e obras públicas
1411-20,Gerente de produção e operações pesqueiras
1417-05,Gerente de produtos bancários
1425-20,Gerente de projetos de tecnologia da informação
1427-05,Gerente de projetos e serviços de manutenção
1417-35,Gerente de recuperação de crédito
1422-05,Gerente de recursos humanos
1415-10,Gerente de restaurante
1421-10,Gerente de riscos
1425-25,Gerente de segurança de tecnologia da informação
1311-15,Gerente de serviços culturais
1312-10,Gerente de serviços de saúde
1313-20,Gerente de serviços educacionais da área pública
1311-20,Gerente de serviços sociais
1425-30,Gerente de suporte técnico de tecnologia da informação
1424-10,Gerente de suprimentos
1415-25,Gerente de turismo
1423-20,Gerente de vendas
1421-15,Gerente financeiro
1312-20,Gerontólogo
7164-05,Gesseiro
2526-05,Gestor em segurança
1112-30,Governador de estado
1112-35,Governador do distrito federal
5131-15,Governanta de hotelaria
7511-15,Gravador (joalheria e ourivesaria)
7122-10,Gravador de inscrições em pedra
7661-35,Gravador de matriz calcográfica
7661-15,Gravador de matriz para flexografia (clicherista)
7661-30,Gravador de matriz para rotogravura (eletromecânico e químico)
7661-40,Gravador de matriz serigráfica
7122-15,Gravador de relevos em pedra
7522-15,Gravador de vidro a água-forte
7522-20,Gravador de vidro a esmeril
7522-25,Gravador de vidro a jato de areia
7687-05,Gravador; à mão (encadernação)
5173-35,Guarda portuário
5172-15,Guarda-civil municipal
5133-25,Guarda-roupeira de cinema
5199-25,Guardador de veículos
6320-05,Guia florestal
7822-05,Guincheiro (construção civil)
8414-44,Hidrogenador de óleos e gorduras
2134-25,Hidrogeólogo
2149-40,Higienista ocupacional
6321-15,Identificador florestal
3721-10,Iluminador (televisão)
2151-25,Imediato da marinha mercante
7721-10,Impregnador de madeira
7662-05,Impressor (serigrafia)
7663-10,Impressor de corte e vinco
7662-15,Impressor de ofsete (plano e rotativo)
7662-20,Impressor de rotativa
7662-25,Impressor de rotogravura
7662-30,Impressor digital
7662-35,Impressor flexográfico
7662-40,Impressor letterset
7662-45,Impressor tampográfico
6230-10,Inseminador
3341-05,Inspetor de alunos de escola privada
3341-10,Inspetor de alunos de escola pública
3425-30,Inspetor de aviação civil
7618-05,Inspetor de estamparia (produção têxtil)
3517-25,Inspetor de risco
3423-10,Inspetor de serviços de transportes rodoviários (passageiros e cargas)
3517-30,Inspetor de sinistros
3146-05,Inspetor de soldagem
2151-30,Inspetor de terminal
7102-15,Inspetor de terraplenagem
9911-10,Inspetor de via permanente (trilhos)
2151-35,Inspetor naval
5231-05,Instalador de cortinas e persianas; portas sanfonadas e boxe
7157-10,Instalador de isolantes acústicos
7157-15,Instalador de isolantes térmicos (refrigeração e climatização)
7157-20,Instalador de isolantes térmicos de caldeira e tubulações
7157-25,Instalador de material isolante; a mão (edificações)
7157-30,Instalador de material isolante; a máquina (edificações)
5231-10,Instalador de som e acessórios de veículos
7241-15,Instalador de tubulações
7241-20,Instalador de tubulações (aeronaves)
7241-25,Instalador de tubulações (embarcações)
7241-30,Instalador de tubulações de gás combustível (produção e distribuição)
7241-35,Instalador de tubulações de vapor (produção e distribuição)
7321-25,Instalador eletricista (tração de veículos)
7313-05,Instalador-reparador de equipamentos de comutação em telefonia
7313-10,Instalador-reparador de equipamentos de energia em telefonia
7313-15,Instalador-reparador de equipamentos de transmissão em telefonia
7313-20,Instalador-reparador de linhas e aparelhos de telecomunicações
7313-25,Instalador-reparador de redes e cabos telefônicos
7321-30,Instalador-reparador de redes telefônicas e de comunicação de dados
3222-25,Instrumentador cirúrgico
2332-05,Instrutor de aprendizagem e treinamento agropecuário
2332-15,Instrutor de aprendizagem e treinamento comercial
2332-10,Instrutor de aprendizagem e treinamento industrial
3331-05,Instrutor de auto-escola
3331-10,Instrutor de cursos livres
2153-15,Instrutor de vôo
2614-10,Intérprete
2614-25,Intérprete de língua de sinais
3518-10,Investigador de polícia
7510-10,Joalheiro
7510-15,Joalheiro (reparações)
3771-30,Jóquei
5242-10,Jornaleiro (em banca de jornal)
2611-25,Jornalista
1113-40,Juiz auditor estadual - justiça militar
1113-35,Juiz auditor federal - justiça militar
1113-25,Juiz de direito
1113-45,Juiz do trabalho
1113-30,Juiz federal
4151-25,Kardexista
7664-05,Laboratorista fotográfico
8414-48,Lagareiro
7511-20,Laminador de metais preciosos a mão
8117-45,Laminador de plástico
7510-20,Lapidador (jóias)
7522-30,Lapidador de vidros e cristais
5163-05,Lavadeiro; em geral
5163-15,Lavador de artefatos de tapeçaria
5199-30,Lavador de garrafas; vidros e outros utensílios
7611-10,Lavador de lã
9921-20,Lavador de peças
5164-05,Lavador de roupas
5163-10,Lavador de roupas a maquina
5199-35,Lavador de veículos
3544-05,Leiloeiro
5199-40,Leiturista
1130-10,Líder de comunidade caiçara
7321-35,Ligador de linhas telefônicas
5163-20,Limpador a seco; à máquina
5143-30,Limpador de piscinas
5164-10,Limpador de roupas a seco; à mão
5143-05,Limpador de vidros
7222-10,Lingotador
2614-15,Lingüista
7686-10,Linotipista
7623-15,Lixador de couros e peles
4213-15,Localizador (cobrador)
2617-15,Locutor de rádio e televisão
2617-20,Locutor publicitário de rádio e televisão
9191-15,Lubrificador de embarcações
9191-10,Lubrificador de veículos automotores (exceto embarcações)
9191-05,Lubrificador industrial
2241-10,Ludomotricista
7751-15,Lustrador de peças de madeira
7165-20,Lustrador de piso
9152-15,Luthier (restauração de cordas arcadas)
7223-10,Macheiro; a máquina
7223-05,Macheiro; a mão
5162-15,Mãe social
8485-20,Magarefe
3762-35,Mágico
5101-35,Maître
0301-10,Major bombeiro militar
0201-15,Major da polícia militar
3762-40,Malabarista
8417-25,Malteiro (germinação)
5161-20,Manicure
7831-10,Manobrador
8482-15,Manteigueiro na fabricação de laticínio
9513-10,Mantenedor de sistemas eletroeletrônicos de segurança
7711-15,Maquetista na marcenaria
5161-25,Maquiador
5161-30,Maquiador de caracterização
3742-10,Maquinista de cinema e vídeo
8621-10,Maquinista de embarcações
3742-15,Maquinista de teatro e espetáculos
7826-10,Maquinista de trem
7633-15,Marcador de peças confeccionadas para bordar
8214-15,Marcador de produtos (siderúrgico e metalúrgico)
7711-05,Marceneiro
7751-20,Marcheteiro
7827-30,Marinheiro auxiliar de convés (marítimo e aquaviario)
7827-35,Marinheiro auxiliar de máquinas (marítimo e aquaviário)
7827-05,Marinheiro de convés (marítimo e fluviário)
7827-25,Marinheiro de esporte e recreio
7827-10,Marinheiro de máquinas
7165-25,Marmorista (construção)
8483-15,Masseiro (massas alimentícias)
3221-20,Massoterapeuta
2111-15,Matemático
2111-20,Matemático aplicado
7623-20,Matizador de couros e peles
9141-05,Mecânico de manutenção de aeronaves; em geral
9131-05,Mecânico de manutenção de aparelhos de levantamento
9193-05,Mecânico de manutenção de aparelhos esportivos e de ginástica
9144-05,Mecânico de manutenção de automóveis; motocicletas e veículos similares
9193-10,Mecânico de manutenção de bicicletas e veículos similares
9111-10,Mecânico de manutenção de bombas
9111-15,Mecânico de manutenção de compressores de ar
9541-20,Mecânico de manutenção de instalações mecânicas de edifícios
9131-15,Mecânico de manutenção de máquinas agrícolas
9131-20,Mecânico de manutenção de máquinas de construção e terraplenagem
9113-10,Mecânico de manutenção de máquinas gráficas
9113-20,Mecânico de manutenção de máquinas têxteis
9113-05,Mecânico de manutenção de máquinas; em geral
9113-25,Mecânico de manutenção de máquinas-ferramentas (usinagem de metais)
9144-15,Mecânico de manutenção de motocicletas
9111-20,Mecânico de manutenção de motores diesel (exceto de veículos automotores)
9142-05,Mecânico de manutenção de motores e equipamentos navais
9111-25,Mecânico de manutenção de redutores
9144-20,Mecânico de manutenção de tratores
9111-30,Mecânico de manutenção de turbinas (exceto de aeronaves)
9111-35,Mecânico de manutenção de turbocompressores
9143-05,Mecânico de manutenção de veículos ferroviários
9112-05,Mecânico de manutenção e instalação de aparelhos de climatização e refrigeração
7257-05,Mecânico de refrigeração
9144-25,Mecânico de veículos automotores a diesel (exceto tratores)
3411-15,Mecânico de vôo
7254-05,Mecânico montador de motores de aeronaves
7254-10,Mecânico montador de motores de embarcações
7254-15,Mecânico montador de motores de explosão e diesel
7254-20,Mecânico montador de turboalimentadores
2251-05,Médico acupunturista
2251-10,Médico alergista e imunologista
2251-48,Médico anatomopatologista
2251-51,Médico anestesiologista
2251-15,Médico angiologista
2251-54,Médico antroposófico
2252-90,Médico cancerologista cirurgíco
2251-22,Médico cancerologista pediátrico
2251-20,Médico cardiologista
2252-10,Médico cirurgião cardiovascular
2252-95,Médico cirurgião da mão
2252-15,Médico cirurgião de cabeça e pescoço
2252-20,Médico cirurgião do aparelho digestivo
2252-25,Médico cirurgião geral
2252-30,Médico cirurgião pediátrico
2252-40,Médico cirurgião torácico
2253-05,Médico citopatologista
2251-25,Médico clínico
2252-80,Médico coloproctologista
2251-42,Médico da estratégia de saúde da família
2251-30,Médico de família e comunidade
2251-35,Médico dermatologista
2251-40,Médico do trabalho
2252-03,Médico em cirurgia vascular
2253-10,Médico em endoscopia
2251-45,Médico em medicina de tráfego
2251-50,Médico em medicina intensiva
2253-20,Médico em radiologia e diagnóstico por imagem
2251-55,Médico endocrinologista e metabologista
2251-60,Médico fisiatra
2251-65,Médico gastroenterologista
2251-70,Médico generalista
2251-75,Médico geneticista
2251-80,Médico geriatra
2252-50,Médico ginecologista e obstetra
2251-85,Médico hematologista
2253-40,Médico hemoterapeuta
2253-45,Médico hiperbarista
2251-95,Médico homeopata
2251-06,Médico legista
2252-55,Médico mastologista
2251-09,Médico nefrologista
2252-60,Médico neurocirurgião
2253-50,Médico neurofisiologista clínico
2251-12,Médico neurologista
2251-18,Médico nutrologista
2252-65,Médico oftalmologista
2251-21,Médico oncologista clínico
2252-70,Médico ortopedista e traumatologista
2252-75,Médico otorrinolaringologista
2253-25,Médico patologista
2251-24,Médico pediatra
2251-27,Médico pneumologista
2251-33,Médico psiquiatra
2253-30,Médico radioterapeuta
2251-36,Médico reumatologista
2251-39,Médico sanitarista
2252-85,Médico urologista
2233-05,Médico veterinário
1130-15,Membro de liderança quilombola
1112-25,Membro superior do poder executivo
7817-05,Mergulhador profissional (raso e profundo)
7201-05,Mestre (afiador de ferramentas)
7102-05,Mestre (construção civil)
7202-10,Mestre (indústria de automotores e material de transportes)
8102-05,Mestre (indústria de borracha e plástico)
8301-05,Mestre (indústria de celulose; papel e papelão)
7701-05,Mestre (indústria de madeira e mobiliário)
7202-15,Mestre (indústria de máquinas e outros equipamentos mecânicos)
8101-05,Mestre (indústria petroquímica e carboquímica)
7601-25,Mestre (indústria têxtil e de confecções)
7701-10,Mestre carpinteiro
8201-10,Mestre de aciaria
8201-15,Mestre de alto-forno
3412-10,Mestre de cabotagem
7201-10,Mestre de caldeiraria
3763-30,Mestre de cerimonias
7202-20,Mestre de construção de fornos
7201-15,Mestre de ferramentaria
7201-20,Mestre de forjaria
8201-20,Mestre de forno elétrico
7201-25,Mestre de fundição
7201-30,Mestre de galvanoplastia
8201-25,Mestre de laminação
7102-10,Mestre de linhas (ferrovias)
7201-35,Mestre de pintura (tratamento de superfícies)
8103-05,Mestre de produção farmacêutica
8101-10,Mestre de produção química
8201-05,Mestre de siderurgia
7201-40,Mestre de soldagem
7201-45,Mestre de trefilação de metais
7201-50,Mestre de usinagem
3412-15,Mestre fluvial
7201-55,Mestre serralheiro
7232-25,Metalizador (banho quente)
7232-20,Metalizador a pistola
2133-15,Meteorologista
3523-05,Metrologista
3741-40,Microfonista
7111-30,Mineiro
6134-15,Minhocultor
2631-05,Ministro de culto religioso
1112-15,Ministro de estado
1113-20,Ministro do superior tribunal do trabalho
1113-15,Ministro do superior tribunal militar
1113-10,Ministro do superior tribunal de justiça
1113-05,Ministro do supremo tribunal federal
2631-10,Missionário
8416-05,Misturador de café
8416-30,Misturador de chá ou mate
7827-15,Moço de convés (marítimo e fluviário)
7827-20,Moço de máquinas (marítimo e fluviário)
7711-10,Modelador de madeira
7211-15,Modelador de metais (fundição)
3188-15,Modelista de calçados
3188-10,Modelista de roupas
3764-05,Modelo artístico
3764-10,Modelo de modas
3764-15,Modelo publicitário
8416-15,Moedor de café
8412-05,Moedor de sal
7521-10,Moldador (vidros)
8232-30,Moldador de abrasivos na fabricação de cerâmica; vidro e porcelana
8117-50,Moldador de borracha por compressão
7153-10,Moldador de corpos de prova em usinas de concreto
8117-60,Moldador de plástico por compressão
8117-70,Moldador de plástico por injeção
7223-15,Moldador; a mão
8111-05,Moleiro (tratamentos químicos e afins)
8411-05,Moleiro de cereais (exceto arroz)
8411-10,Moleiro de especiarias
7121-05,Moleiro de minérios
5153-15,Monitor de dependente químico
9513-20,Monitor de sistemas eletrônicos de segurança externo
9513-15,Monitor de sistemas eletrônicos de segurança interno
4222-15,Monitor de teleatendimento
3341-15,Monitor de transporte escolar
7686-15,Monotipista
7155-45,Montador de andaimes (edificações)
7653-15,Montador de artefatos de couro (exceto roupas e calçados)
9193-15,Montador de bicicletas
7642-10,Montador de calçados
7253-05,Montador de equipamento de levantamento
7311-35,Montador de equipamentos elétricos
7311-20,Montador de equipamentos elétricos (aparelhos eletrodomésticos)
7311-25,Montador de equipamentos elétricos (centrais elétricas)
7311-15,Montador de equipamentos elétricos (instrumentos de medição)
7311-30,Montador de equipamentos elétricos (motores e dínamos)
7311-50,Montador de equipamentos eletrônicos
7311-05,Montador de equipamentos eletrônicos (aparelhos médicos)
7311-10,Montador de equipamentos eletrônicos (computadores e equipamentos auxiliares)
7311-40,Montador de equipamentos eletrônicos (instalações de sinalização)
7311-45,Montador de equipamentos eletrônicos (máquinas industriais)
7256-05,Montador de estruturas de aeronaves
7242-05,Montador de estruturas metálicas
7242-10,Montador de estruturas metálicas de embarcações
3744-20,Montador de filmes
7661-25,Montador de fotolito (analógico e digital)
7411-10,Montador de instrumentos de óptica
7411-15,Montador de instrumentos de precisão
7252-05,Montador de máquinas
7253-10,Montador de máquinas agrícolas
7253-15,Montador de máquinas de minas e pedreiras
7253-20,Montador de máquinas de terraplenagem
7252-10,Montador de máquinas gráficas
7252-15,Montador de máquinas operatrizes para madeira
7252-20,Montador de máquinas têxteis
7251-05,Montador de máquinas; motores e acessórios (montagem em série)
7252-25,Montador de máquinas-ferramentas (usinagem de metais)
7741-05,Montador de móveis e artefatos de madeira
7256-10,Montador de sistemas de combustível de aeronaves
7255-05,Montador de veículos (linha de montagem)
9913-10,Montador de veículos (reparação)
5131-10,Mordomo de hotelaria
5131-05,Mordomo de residência
7165-30,Mosaísta
5191-10,Motofretista
7825-10,Motorista de caminhão (rotas regionais e internacionais)
7823-05,Motorista de carro de passeio
7823-10,Motorista de furgão ou veículo similar
7824-05,Motorista de ônibus rodoviário
7824-10,Motorista de ônibus urbano
7823-15,Motorista de táxi
7824-15,Motorista de trólebus
7825-15,Motorista operacional de guincho
7826-20,Motorneiro
5191-15,Mototaxista
2613-10,Museólogo
2626-10,Músico arranjador
2627-05,Músico intérprete cantor
2627-10,Músico intérprete instrumentista
2626-15,Músico regente
2626-20,Musicólogo
2263-05,Musicoterapeuta
2617-25,Narrador em programas de rádio e televisão
2263-20,Naturólogo
2515-45,Neuropsicólogo
7231-10,Normalizador de metais e de compósitos
2237-10,Nutricionista
2134-40,Oceanógrafo
0102-05,Oficial da aeronáutica
0102-15,Oficial da marinha
2429-05,Oficial de inteligência
3514-25,Oficial de justiça
2151-40,Oficial de quarto de navegação da marinha mercante
2413-05,Oficial de registro de contratos marítimos
0102-10,Oficial do exército
2413-10,Oficial do registro civil de pessoas jurídicas
2413-15,Oficial do registro civil de pessoas naturais
2413-20,Oficial do registro de distribuições
2413-25,Oficial do registro de imóveis
2413-30,Oficial do registro de títulos e documentos
0101-05,Oficial general da aeronáutica
0101-15,Oficial general da marinha
0101-10,Oficial general do exército
2152-05,Oficial superior de máquinas da marinha mercante
2429-10,Oficial técnico de inteligência
8281-05,Oleiro (fabricação de telhas)
8281-10,Oleiro (fabricação de tijolos)
8621-60,Operador de abastecimento de combustível de aeronave
7612-05,Operador de abertura (fiação)
7663-15,Operador de acabamento (indústria gráfica)
7222-15,Operador de acabamento de peças fundidas
8212-30,Operador de aciaria (basculamento de convertedor)
8212-35,Operador de aciaria (dessulfuração de gusa)
8212-40,Operador de aciaria (recebimento de gusa)
7121-10,Operador de aparelho de flotação
7121-15,Operador de aparelho de precipitação (minas de ouro ou prata)
8114-20,Operador de aparelho de reação e conversão (produtos químicos; exceto petróleo)
8212-45,Operador de área de corrida
3425-35,Operador de atendimento aeroviário
8231-35,Operador de atomizador
3731-05,Operador de áudio de continuidade (rádio)
8232-35,Operador de banho metálico de vidro por flutuação
7151-05,Operador de bate-estacas
8621-15,Operador de bateria de gás de hulha
7154-05,Operador de betoneira
7612-10,Operador de binadeira
7612-15,Operador de bobinadeira
7154-10,Operador de bomba de concreto
8311-10,Operador de branqueador de pasta para fabricação de papel
8111-15,Operador de britadeira (tratamentos químicos e afins)
8116-05,Operador de britador de coque
7121-20,Operador de britador de mandíbulas
8214-25,Operador de cabine de laminação (fio-máquina)
8131-10,Operador de calandra (química; petroquímica e afins)
7614-15,Operador de calandras (tecidos)
8112-05,Operador de calcinação (tratamento químico e afins)
8621-20,Operador de caldeira
8414-56,Operador de câmaras frias
3721-15,Operador de câmera de televisão
7112-05,Operador de caminhão (minas e pedreiras)
7612-20,Operador de cardas
7112-10,Operador de carregadeira
9922-15,Operador de ceifadeira na conservação de vias permanentes
7154-15,Operador de central de concreto
3731-10,Operador de central de rádio
8611-05,Operador de central hidrelétrica
8611-15,Operador de central termoelétrica
8113-05,Operador de centrifugadora (tratamentos químicos e afins)
8211-05,Operador de centro de controle
3424-10,Operador de centro de controle (ferrovia e metrô)
7214-05,Operador de centro de usinagem com comando numérico
7614-20,Operador de chamuscadeira de tecidos
4132-30,Operador de cobrança bancária
6420-05,Operador de colhedor florestal
6410-05,Operador de colheitadeira
7151-10,Operador de compactadora de solos
8621-30,Operador de compressor de ar
3172-05,Operador de computador (inclusive microcomputador)
8111-20,Operador de concentração
7612-25,Operador de conicaleira
8321-10,Operador de cortadeira de papel
8413-05,Operador de cristalização na refinação de açucar
7733-05,Operador de desempenadeira na usinagem convencional de madeira
8212-50,Operador de desgaseificação
8116-15,Operador de destilação e subprodutos de coque
8311-15,Operador de digestor de pasta para fabricação de papel
7822-10,Operador de docagem
7822-20,Operador de empilhadeira
8116-20,Operador de enfornamento e desenfornamento de coque
7613-48,Operador de engomadeira de urdume
7733-10,Operador de entalhadeira (usinagem de madeira)
8114-25,Operador de equipamento de destilação de álcool
7233-05,Operador de equipamento de secagem de pintura
7223-25,Operador de equipamentos de preparação de areia
8413-10,Operador de equipamentos de refinação de açúcar (processo contínuo)
7151-15,Operador de escavadeira
8214-30,Operador de escória e sucata
7524-20,Operador de esmaltadeira
7524-25,Operador de espelhamento
7121-25,Operador de espessador
7613-51,Operador de espuladeira
8621-40,Operador de estação de bombeamento
8622-05,Operador de estação de captação; tratamento e distribuição de água
8623-05,Operador de estação de tratamento de água e efluentes
8114-30,Operador de evaporador na destilação
8116-25,Operador de exaustor (coqueria)
8113-10,Operador de exploração de petróleo
3731-15,Operador de externa (rádio)
8416-20,Operador de extração de café solúvel
8131-15,Operador de extrusora (química; petroquímica e afins)
7612-30,Operador de filatório
8113-15,Operador de filtro de secagem (mineração)
8113-20,Operador de filtro de tambor rotativo (tratamentos químicos e afins)
8113-25,Operador de filtro-esteira (mineração)
8113-30,Operador de filtro-prensa (tratamentos químicos e afins)
8113-35,Operador de filtros de parafina (tratamentos químicos e afins)
8418-05,Operador de forno (fabricação de pães; biscoitos e similares)
5166-05,Operador de forno (serviços funerários)
7231-20,Operador de forno de tratamento térmico de metais
7733-15,Operador de fresadora (usinagem de madeira)
7214-10,Operador de fresadora com comando numérico
3731-20,Operador de gravação de rádio
7663-20,Operador de guilhotina (corte de papel)
7821-10,Operador de guindaste (fixo)
7821-15,Operador de guindaste móvel
7614-25,Operador de impermeabilizador de tecidos
6233-15,Operador de incubadora
3912-15,Operador de inspeção de qualidade
8625-15,Operador de instalação de ar-condicionado
8625-05,Operador de instalação de refrigeração
8214-35,Operador de jato abrasivo
7121-30,Operador de jig (minas)
7246-05,Operador de laços de cabos de aço
7612-35,Operador de laminadeira e reunideira
8213-05,Operador de laminador
8213-15,Operador de laminador de barras a quente
8213-20,Operador de laminador de metais não-ferrosos
8213-25,Operador de laminador de tubos
8311-20,Operador de lavagem e depuração de pasta para fabricação de papel
7311-75,Operador de linha de montagem (aparelhos elétricos)
7311-80,Operador de linha de montagem (aparelhos eletrônicos)
7733-20,Operador de lixadeira (usinagem de madeira)
7612-40,Operador de maçaroqueira
8421-25,Operador de máquina (fabricação de cigarros)
7734-05,Operador de máquina bordatriz
7222-20,Operador de máquina centrifugadora de fundição
4151-30,Operador de máquina copiadora (exceto operador de gráfica rápida)
7112-15,Operador de máquina cortadora (minas e pedreiras)
7151-20,Operador de máquina de abrir valas
7613-54,Operador de máquina de cordoalha
8331-20,Operador de máquina de cortar e dobrar papelão
7734-10,Operador de máquina de cortina d´água (produção de móveis)
7633-20,Operador de máquina de costura de acabamento
7245-10,Operador de máquina de dobrar chapas
7212-05,Operador de máquina de eletroerosão
7841-20,Operador de máquina de envasar líquidos
7841-15,Operador de máquina de etiquetar
7112-20,Operador de máquina de extração contínua (minas de carvão)
8118-15,Operador de máquina de fabricação de cosméticos
8422-10,Operador de máquina de fabricar charutos e cigarrilhas
8321-15,Operador de máquina de fabricar papel (fase úmida)
8321-20,Operador de máquina de fabricar papel (fase seca)
8321-25,Operador de máquina de fabricar papel e papelão
7222-25,Operador de máquina de fundir sob pressão
7614-30,Operador de máquina de lavar fios e tecidos
7223-30,Operador de máquina de moldar automatizada
8118-05,Operador de máquina de produtos farmacêuticos
8311-25,Operador de máquina de secar celulose
8211-10,Operador de máquina de sinterizar
8232-40,Operador de máquina de soprar vidro
7733-25,Operador de máquina de usinagem madeira; em geral
7214-20,Operador de máquina eletroerosão; à fio; com comando numérico
8232-45,Operador de máquina extrusora de varetas e tubos de vidro
7732-05,Operador de máquina intercaladora e placas (compensados)
8111-10,Operador de máquina misturadeira (tratamentos químicos e afins)
7112-25,Operador de máquina perfuradora (minas e pedreiras)
7112-30,Operador de máquina perfuratriz
7232-30,Operador de máquina recobridora de arame
7821-20,Operador de máquina rodoferroviária
6410-10,Operador de máquinas de beneficiamento de produtos agrícolas
7151-25,Operador de máquinas de construção civil e mineração
8418-15,Operador de máquinas de fabricação de chocolates e achocolatados
8418-10,Operador de máquinas de fabricação de doces; salgados e massas alimentícias
7735-10,Operador de máquinas de usinar madeira (cnc)
7623-25,Operador de máquinas do acabamento de couros e peles
9911-15,Operador de máquinas especiais em conservação de via permanente (trilhos)
8621-50,Operador de máquinas fixas; em geral
6420-10,Operador de máquinas florestais estáticas
7212-10,Operador de máquinas operatrizes
7170-10,Operador de martelete
4121-15,Operador de mensagens de telecomunicações (correios)
8413-15,Operador de moenda na fabricação de açúcar
7733-30,Operador de molduradora (usinagem de madeira)
7821-25,Operador de monta-cargas (construção civil)
8213-30,Operador de montagem de cilindros e mancais
7151-30,Operador de motoniveladora
7112-35,Operador de motoniveladora (extração de minerais sólidos)
6321-20,Operador de motosserra
2532-25,Operador de negócios
7612-45,Operador de open-end
7151-35,Operador de pá carregadeira
8116-30,Operador de painel de controle
8115-05,Operador de painel de controle (refinação de petróleo)
7612-50,Operador de passador (fiação)
7151-40,Operador de pavimentadora (asfalto; concreto e materiais similares)
7121-35,Operador de peneiras hidráulicas
7612-55,Operador de penteadeira
7733-35,Operador de plaina desengrossadeira
7821-30,Operador de ponte rolante
7821-35,Operador de pórtico rolante
7734-20,Operador de prensa de alta freqüência na usinagem de madeira
8331-25,Operador de prensa de embutir papelão
7841-25,Operador de prensa de enfardamento
5192-15,Operador de prensa de material reciclável
8232-50,Operador de prensa de moldar vidro
8414-60,Operador de preparação de grãos vegetais (óleos e gorduras)
8116-35,Operador de preservação e controle térmico
8131-20,Operador de processo (química; petroquímica e afins)
8411-15,Operador de processo de moagem
7661-50,Operador de processo de tratamento de imagem
8110-05,Operador de processos químicos e petroquímicos
8131-25,Operador de produção (química; petroquímica e afins)
3743-05,Operador de projetor cinematográfico
8611-10,Operador de quadro de distribuição de energia elétrica
4222-20,Operador de rádio-chamada
7614-35,Operador de rameuse
8116-40,Operador de reator de coque de petróleo
8611-20,Operador de reator nuclear
8321-35,Operador de rebobinadeira na fabricação de papel e papelão
3722-05,Operador de rede de teleprocessamento
8116-45,Operador de refrigeração (coqueria)
8625-10,Operador de refrigeração com amônia
7214-25,Operador de retificadora com comando numérico
7612-60,Operador de retorcedeira
7114-10,Operador de salina (sal marinho)
7112-40,Operador de schutthecar
7733-40,Operador de serras (usinagem de madeira)
7731-10,Operador de serras no desdobramento de madeira
8116-50,Operador de sistema de reversão (coqueria)
7661-45,Operador de sistemas de prova (analógico e digital)
7113-05,Operador de sonda de percussão
7113-10,Operador de sonda rotativa
8612-05,Operador de subestação
7821-40,Operador de talha elétrica
7826-30,Operador de teleférico (passageiros)
4223-05,Operador de telemarketing ativo
4223-10,Operador de telemarketing ativo e receptivo
4223-15,Operador de telemarketing receptivo
4223-20,Operador de telemarketing técnico
7255-10,Operador de time de montagem
7733-45,Operador de torno automático (usinagem de madeira)
7214-30,Operador de torno com comando numérico
8115-10,Operador de transferência e estocagem - na refinação do petróleo
3731-25,Operador de transmissor de rádio
3421-10,Operador de transporte multimodal
8413-20,Operador de tratamento de calda na refinação de açúcar
8112-15,Operador de tratamento químico de materiais radioativos
7112-45,Operador de trator (minas e pedreiras)
7151-45,Operador de trator de lâmina
6420-15,Operador de trator florestal
7826-05,Operador de trem de metrô
4152-10,Operador de triagem e transbordo
7733-50,Operador de tupia (usinagem de madeira)
3548-10,Operador de turismo
7613-57,Operador de urdideira
7212-20,Operador de usinagem convencional por abrasão
7222-30,Operador de vazamento (lingotamento)
7813-05,Operador de veículos subaquáticos controlados remotamente
7232-35,Operador de zincagem (processo eletrolítico)
9541-25,Operador eletromecânico
7610-05,Operador polivalente da indústria têxtil
3743-10,Operador-mantenedor de projetor cinematográfico
3548-20,Organizador de evento
2394-10,Orientador educacional
2239-10,Ortoptista
2261-10,Osteopata
7511-25,Ourives
1423-40,Ouvidor
7243-10,Oxicortador a mão e a máquina
7232-40,Oxidador
8483-05,Padeiro
7686-20,Paginador
7623-35,Palecionador de couros e peles
2134-30,Paleontólogo
3762-45,Palhaço
3518-15,Papiloscopista policial
5168-10,Paranormal
5151-15,Parteira leiga
7633-25,Passadeira de peças confeccionadas
5163-25,Passador de roupas em geral
5164-15,Passador de roupas; à mão
7613-60,Passamaneiro a máquina
8482-05,Pasteurizador
7165-15,Pastilheiro
3412-20,Patrão de pesca de alto-mar
3412-25,Patrão de pesca na navegação interior
2394-15,Pedagogo
5161-40,Pedicure
7152-10,Pedreiro
7152-15,Pedreiro (chaminés industriais)
7152-20,Pedreiro (material refratário)
7152-25,Pedreiro (mineração)
9922-20,Pedreiro de conservação de vias permanentes (exceto trilhos)
7152-30,Pedreiro de edificações
3250-15,Perfumista
2235-70,Perfusionista
2522-15,Perito contábil
2041-05,Perito criminal
6311-05,Pescador artesanal de água doce
6310-15,Pescador artesanal de lagostas
6310-20,Pescador artesanal de peixes e camarões
6312-05,Pescador industrial
6312-10,Pescador profissional
2033-05,Pesquisador de clínica médica
2032-05,Pesquisador de engenharia civil
2032-10,Pesquisador de engenharia e tecnologia (outras áreas da engenharia)
2032-15,Pesquisador de engenharia elétrica e eletrônica
2032-20,Pesquisador de engenharia mecânica
2032-25,Pesquisador de engenharia metalúrgica; de minas e de materiais
2032-30,Pesquisador de engenharia química
2033-10,Pesquisador de medicina básica
2030-05,Pesquisador em biologia ambiental
2030-10,Pesquisador em biologia animal
2030-15,Pesquisador em biologia de microorganismos e parasitas
2030-20,Pesquisador em biologia humana
2030-25,Pesquisador em biologia vegetal
2034-05,Pesquisador em ciências agronômicas
2031-05,Pesquisador em ciências da computação e informática
2035-15,Pesquisador em ciências da educação
2034-10,Pesquisador em ciências da pesca e aqüicultura
2031-10,Pesquisador em ciências da terra e meio ambiente
2034-15,Pesquisador em ciências da zootecnia
2034-20,Pesquisador em ciências florestais
2035-05,Pesquisador em ciências sociais e humanas
2035-10,Pesquisador em economia
2031-15,Pesquisador em física
2035-20,Pesquisador em história
2031-20,Pesquisador em matemática
2033-15,Pesquisador em medicina veterinária
2012-05,Pesquisador em metrologia
2035-25,Pesquisador em psicologia
2031-25,Pesquisador em química
2033-20,Pesquisador em saúde coletiva
2134-35,Petrógrafo
7613-66,Picotador de cartões jacquard
3411-20,Piloto agrícola
3411-05,Piloto comercial (exceto linhas aéreas)
3411-10,Piloto comercial de helicóptero (exceto linhas aéreas)
2153-05,Piloto de aeronaves
3771-35,Piloto de competição automobilística
2153-10,Piloto de ensaios em vôo
3412-30,Piloto fluvial
7233-10,Pintor a pincel e rolo (exceto obras e estruturas metálicas)
7524-30,Pintor de cerâmica; a pincel
7233-15,Pintor de estruturas metálicas
7686-25,Pintor de letreiros
7166-10,Pintor de obras
7233-20,Pintor de veículos (fabricação)
9913-15,Pintor de veículos (reparação)
7233-25,Pintor por imersão
7233-30,Pintor; a pistola (exceto obras e estruturas metálicas)
5243-10,Pipoqueiro ambulante
8121-05,Pirotécnico
3911-20,Planejista
7113-25,Plataformista (petróleo)
7170-15,Poceiro (edificações)
3221-10,Podólogo
2615-25,Poeta
5172-10,Policial rodoviário federal
7213-25,Polidor de metais
7122-20,Polidor de pedras
5174-10,Porteiro de edifícios
5174-15,Porteiro de locais de diversão
0103-05,Praça da aeronáutica
0103-15,Praça da marinha
0103-10,Praça do exército
2151-45,Prático de portos da marinha mercante
1112-50,Prefeito
7623-30,Prensador de couros e peles
8414-64,Prensador de frutas (exceto oleaginosas)
7732-10,Prensista de aglomerados
7732-15,Prensista de compensados
8231-30,Preparador de aditivos
7732-20,Preparador de aglomerantes
2241-15,Preparador de atleta
8231-20,Preparador de barbotina
7641-15,Preparador de calçados
7623-40,Preparador de couros curtidos
8231-25,Preparador de esmaltes (cerâmica)
7242-20,Preparador de estruturas metálicas
8422-05,Preparador de fumo na fabricação de charutos
7212-25,Preparador de máquinas-ferramenta
8231-05,Preparador de massa (fabricação de abrasivos)
8231-10,Preparador de massa (fabricação de vidro)
7663-25,Preparador de matrizes de corte e vinco
8421-05,Preparador de melado e essência de fumo
7222-35,Preparador de panelas (lingotamento)
8414-68,Preparador de rações
7641-20,Preparador de solas e palmilhas
8214-45,Preparador de sucata e aparas
3117-20,Preparador de tintas (fábrica de tecidos)
2241-20,Preparador físico
1112-05,Presidente da república
2152-10,Primeiro oficial de máquinas da marinha mercante
0203-05,Primeiro tenente de polícia militar
8421-10,Processador de fumo
2412-10,Procurador autárquico
2424-10,Procurador da assistência judiciária
2412-15,Procurador da fazenda nacional
2422-05,Procurador da república
2422-10,Procurador de justiça
2422-15,Procurador de justiça militar
2412-20,Procurador do estado
2412-25,Procurador do município
2422-20,Procurador do trabalho
2412-30,Procurador federal
2412-35,Procurador fundacional
2422-25,Procurador regional da república
2422-30,Procurador regional do trabalho
6120-05,Produtor agrícola polivalente
6110-05,Produtor agropecuário; em geral
2621-10,Produtor cinematográfico
2621-05,Produtor cultural
6127-05,Produtor da cultura de amendoim
6127-10,Produtor da cultura de canola
6127-15,Produtor da cultura de coco-da-baia
6127-20,Produtor da cultura de dendê
6127-25,Produtor da cultura de girassol
6127-30,Produtor da cultura de linho
6127-35,Produtor da cultura de mamona
6127-40,Produtor da cultura de soja
6122-05,Produtor de algodão
6121-05,Produtor de arroz
6125-05,Produtor de árvores frutíferas
6126-10,Produtor de cacau
6121-15,Produtor de cereais de inverno
6122-10,Produtor de curauá
6126-15,Produtor de erva-mate
6128-05,Produtor de especiarias
6125-10,Produtor de espécies frutíferas rasteiras
6125-15,Produtor de espécies frutíferas trepadeiras
6124-05,Produtor de flores de corte
6124-10,Produtor de flores em vaso
6124-15,Produtor de forrações
6126-20,Produtor de fumo
6121-20,Produtor de gramíneas forrageiras
6126-25,Produtor de guaraná
6122-15,Produtor de juta
6121-25,Produtor de milho e sorgo
6128-10,Produtor de plantas aromáticas e medicinais
6124-20,Produtor de plantas ornamentais
2621-15,Produtor de rádio
6122-20,Produtor de rami
2621-20,Produtor de teatro
2621-25,Produtor de televisão
2611-30,Produtor de texto
6123-20,Produtor na olericultura de frutos e sementes
6123-05,Produtor na olericultura de legumes
6123-10,Produtor na olericultura de raízes; bulbos e tubérculos
6123-15,Produtor na olericultura de talos; folhas e flores
6314-15,Proeiro
2331-05,Professor da área de meio ambiente
2348-10,Professor de administração
2392-05,Professor de alunos com deficiência auditiva e surdos
2392-15,Professor de alunos com deficiência mental
2392-20,Professor de alunos com deficiência múltipla
2392-25,Professor de alunos com deficiência visual
2347-05,Professor de antropologia do ensino superior
2343-05,Professor de arquitetura
2347-10,Professor de arquivologia do ensino superior
2349-05,Professor de artes do espetáculo no ensino superior
2321-05,Professor de artes no ensino médio
2349-10,Professor de artes visuais no ensino superior (artes plásticas e multimídia)
2342-15,Professor de astronomia (ensino superior)
2347-15,Professor de biblioteconomia do ensino superior
2321-10,Professor de biologia no ensino médio
2347-20,Professor de ciência política do ensino superior
2344-05,Professor de ciências biológicas do ensino superior
2341-20,Professor de computação (no ensino superior)
2347-25,Professor de comunicação social do ensino superior
2348-15,Professor de contabilidade
2628-30,Professor de dança
2331-10,Professor de desenho técnico
2347-30,Professor de direito do ensino superior
2321-15,Professor de disciplinas pedagógicas no ensino médio
2348-05,Professor de economia
2313-10,Professor de educação artística do ensino fundamental
2313-15,Professor de educação física do ensino fundamental
2321-20,Professor de educação física no ensino médio
2344-10,Professor de educação física no ensino superior
2344-15,Professor de enfermagem do ensino superior
2343-10,Professor de engenharia
2345-05,Professor de ensino superior na área de didática
2345-10,Professor de ensino superior na área de orientação educacional
2345-15,Professor de ensino superior na área de pesquisa educacional
2345-20,Professor de ensino superior na área de prática de ensino
2344-20,Professor de farmácia e bioquímica
2346-76,Professor de filologia e crítica textual
2347-35,Professor de filosofia do ensino superior
2321-25,Professor de filosofia no ensino médio
2342-05,Professor de física (ensino superior)
2321-30,Professor de física no ensino médio
2344-25,Professor de fisioterapia
2344-30,Professor de fonoaudiologia
2343-15,Professor de geofísica
2313-20,Professor de geografia do ensino fundamental
2347-40,Professor de geografia do ensino superior
2321-35,Professor de geografia no ensino médio
2343-20,Professor de geologia
2313-25,Professor de história do ensino fundamental
2321-40,Professor de história no ensino médio
2347-50,Professor de jornalismo
2346-04,Professor de língua alemã
2321-45,Professor de língua e literatura brasileira no ensino médio
2346-20,Professor de língua espanhola
2313-30,Professor de língua estrangeira moderna do ensino fundamental
2321-50,Professor de língua estrangeira moderna no ensino médio
2346-12,Professor de língua francesa
2346-16,Professor de língua inglesa
2346-08,Professor de língua italiana
2346-24,Professor de língua portuguesa
2313-35,Professor de língua portuguesa do ensino fundamental
2346-68,Professor de línguas estrangeiras modernas
2346-36,Professor de literatura alemã
2346-28,Professor de literatura brasileira
2346-40,Professor de literatura comparada
2346-60,Professor de literatura de línguas estrangeiras modernas
2346-44,Professor de literatura espanhola
2346-48,Professor de literatura francesa
2346-52,Professor de literatura inglesa
2346-56,Professor de literatura italiana
2346-32,Professor de literatura portuguesa
2341-05,Professor de matemática aplicada (no ensino superior)
2313-40,Professor de matemática do ensino fundamental
2321-55,Professor de matemática no ensino médio
2341-10,Professor de matemática pura (no ensino superior)
2344-35,Professor de medicina
2344-40,Professor de medicina veterinária
2347-55,Professor de museologia do ensino superior
2349-15,Professor de música no ensino superior
3311-05,Professor de nível médio na educação infantil
3312-05,Professor de nível médio no ensino fundamental
3313-05,Professor de nível médio no ensino profissionalizante
2311-05,Professor de nível superior na educação infantil (quatro a seis anos)
2311-10,Professor de nível superior na educação infantil (zero a três anos)
2344-45,Professor de nutrição
2344-50,Professor de odontologia
2346-64,Professor de outras línguas e literaturas
2341-25,Professor de pesquisa operacional (no ensino superior)
2321-60,Professor de psicologia no ensino médio
2342-10,Professor de química (ensino superior)
2321-65,Professor de química no ensino médio
2346-80,Professor de semiótica
2347-65,Professor de serviço social do ensino superior
2347-70,Professor de sociologia do ensino superior
2321-70,Professor de sociologia no ensino médio
2331-15,Professor de técnicas agrícolas
2331-20,Professor de técnicas comerciais e secretariais
2331-25,Professor de técnicas de enfermagem
2394-20,Professor de técnicas e recursos audiovisuais
2331-30,Professor de técnicas industriais
2331-35,Professor de tecnologia e cálculo técnico
2346-84,Professor de teoria da literatura
2344-60,Professor de zootecnia do ensino superior
2332-20,Professor instrutor de ensino e aprendizagem agroflorestal
2332-25,Professor instrutor de ensino e aprendizagem em serviços
3321-05,Professor leigo no ensino fundamental
3322-05,Professor prático no ensino profissionalizante
3331-15,Professores de cursos livres
3771-40,Profissional de atletismo
2525-50,Profissional de relações com investidores
3171-05,Programador de internet
3171-15,Programador de máquinas - ferramenta com comando numérico
3171-20,Programador de multimídia
3171-10,Programador de sistemas de informação
7661-55,Programador visual gráfico
3188-05,Projetista de móveis
3741-35,Projetista de sistemas de áudio
3741-20,Projetista de som
2422-35,Promotor de justiça
5211-15,Promotor de vendas
3541-30,Promotor de vendas especializado
3541-50,Propagandista de produtos famacêuticos
3224-10,Protético dentário
2515-50,Psicanalista
2515-55,Psicólogo acupunturista
2515-10,Psicólogo clínico
2515-15,Psicólogo do esporte
2515-40,Psicólogo do trabalho
2515-35,Psicólogo do trânsito
2515-05,Psicólogo educacional
2515-20,Psicólogo hospitalar
2515-25,Psicólogo jurídico
2515-30,Psicólogo social
2394-25,Psicopedagogo
3771-45,Pugilista
8482-10,Queijeiro na fabricação de laticínio
2132-05,Químico
2132-10,Químico industrial
2261-05,Quiropraxista
7621-25,Rachador de couros e peles
3722-10,Radiotelegrafista
6320-10,Raizeiro
7622-20,Rebaixador de couros
7242-15,Rebitador a martelo pneumático
7242-30,Rebitador; a mão
4212-05,Recebedor de apostas (loteria)
4212-10,Recebedor de apostas (turfe)
4221-25,Recepcionista de banco
5199-45,Recepcionista de casas de espetáculos
4221-10,Recepcionista de consultório médico ou dentário
4221-20,Recepcionista de hotel
4221-15,Recepcionista de seguro saúde
4221-05,Recepcionista; em geral
3714-10,Recreador
3714-05,Recreador de acantonamento
8213-35,Recuperador de guias e cilindros
2531-10,Redator de publicidade
2615-30,Redator de textos técnicos
7681-20,Redeiro
6314-20,Redeiro (pesca)
8414-72,Refinador de óleo e gordura
8412-10,Refinador de sal
1423-25,Relações públicas
7411-20,Relojoeiro (fabricação)
7411-25,Relojoeiro (reparação)
7313-30,Reparador de aparelhos de telecomunicações em laboratório
9542-05,Reparador de aparelhos eletrodomésticos (exceto imagem e som)
9543-05,Reparador de equipamentos de escritório
9154-05,Reparador de equipamentos fotográficos
9152-10,Reparador de instrumentos musicais
9542-10,Reparador de rádio; tv e som
2611-35,Repórter (exclusive rádio e televisão)
2617-30,Repórter de rádio e televisão
2618-20,Repórter fotográfico
5211-25,Repositor de mercadorias
3547-05,Representante comercial autônomo
9152-05,Restaurador de instrumentos musicais (exceto cordas arcadas)
8485-25,Retalhador de carne
7664-15,Revelador de filmes fotográficos; em cores
7664-10,Revelador de filmes fotográficos; em preto e branco
7166-15,Revestidor de interiores (papel; material plástico e emborrachados)
7161-10,Revestidor de superfícies de concreto
7618-10,Revisor de fios (produção têxtil)
7618-15,Revisor de tecidos acabados
7618-20,Revisor de tecidos crus
2611-40,Revisor de texto
7242-25,Riscador de estruturas metálicas
7631-20,Riscador de roupas
5141-15,Sacristão
8481-10,Salgador de alimentos
8481-15,Salsicheiro (fabricação de lingüiça; salsicha e produtos similares)
5171-15,Salva-vidas
7683-20,Sapateiro (calçados sob medida)
0311-10,Sargento bombeiro militar
0211-10,Sargento da policia militar
7721-15,Secador de madeira
2523-15,Secretária trilíngüe
2523-05,Secretária(o) executiva(o)
2523-10,Secretário bilíngüe
1112-20,Secretário - executivo
0203-10,Segundo tenente de polícia militar
5192-10,Selecionador de material reciclável
7683-25,Seleiro
1111-05,Senador
5166-10,Sepultador
6134-20,Sericultor
6322-05,Seringueiro
7731-15,Serrador de bordas no desdobramento de madeira
7731-20,Serrador de madeira
7731-25,Serrador de madeira (serra circular múltipla)
7731-30,Serrador de madeira (serra de fita múltipla)
7244-40,Serralheiro
7170-20,Servente de obras
6233-25,Sexador
7821-45,Sinaleiro (ponte-rolante)
5153-25,Sócioeducador
2511-20,Sociólogo
5151-35,Socorrista (exceto médicos e enfermeiros)
0312-10,Soldado bombeiro militar
0212-10,Soldado da polícia militar
7243-15,Soldador
7243-20,Soldador a oxigás
9911-20,Soldador aluminotérmico em conservação de trilhos
7243-25,Soldador elétrico
7113-15,Sondador (poços de petróleo e gás)
7113-20,Sondador de poços (exceto de petróleo e gás)
8212-55,Soprador de convertedor
2422-40,Subprocurador de justiça militar
2422-45,Subprocurador-geral da república
2422-50,Subprocurador-geral do trabalho
0311-05,Subtenente bombeiro militar
0211-05,Subtenente da policia militar
2152-20,Superintendente técnico no transporte aquaviário
7604-05,Supervisor (indústria de calçados e artefatos de couro)
4101-05,Supervisor administrativo
3425-40,Supervisor da administração de aeroportos
6301-05,Supervisor da aqüicultura
6301-10,Supervisor da área florestal
7605-05,Supervisor da confecção de artefatos de tecidos; couros e afins
8401-10,Supervisor da indústria de bebidas
8401-15,Supervisor da indústria de fumo
9102-05,Supervisor da manutenção e reparação de veículos leves
9102-10,Supervisor da manutenção e reparação de veículos pesados
7401-05,Supervisor da mecânica de precisão
7606-05,Supervisor das artes gráficas (indústria editorial e gráfica)
4102-05,Supervisor de almoxarifado
5101-15,Supervisor de andar
7101-05,Supervisor de apoio operacional na mineração
5103-05,Supervisor de bombeiros
4201-05,Supervisor de caixas e bilheteiros (exceto caixa de banco)
4102-10,Supervisor de câmbio
4201-10,Supervisor de cobrança
4201-15,Supervisor de coletadores de apostas e de jogos
3542-10,Supervisor de compras
4102-15,Supervisor de contas a pagar
7201-60,Supervisor de controle de tratamento térmico
4102-20,Supervisor de controle patrimonial
4102-25,Supervisor de crédito e cobrança
7602-05,Supervisor de curtimento
4121-20,Supervisor de digitação e operação
7801-05,Supervisor de embalagem e etiquetagem
3425-45,Supervisor de empresa aérea em aeroportos
2394-30,Supervisor de ensino
4201-20,Supervisor de entrevistadores e recenseadores
6201-05,Supervisor de exploração agrícola
6201-10,Supervisor de exploração agropecuária
6201-15,Supervisor de exploração pecuária
7101-10,Supervisor de extração de sal
7401-10,Supervisor de fabricação de instrumentos musicais
8202-10,Supervisor de fabricação de produtos de vidro
7501-05,Supervisor de joalheria
5102-05,Supervisor de lavanderia
9101-10,Supervisor de manutenção de aparelhos térmicos; de climatização e de refrigeração
9101-20,Supervisor de manutenção de máquinas gráficas
9101-25,Supervisor de manutenção de máquinas industriais têxteis
9101-30,Supervisor de manutenção de máquinas operatrizes e de usinagem
9109-10,Supervisor de manutenção de vias férreas
9501-05,Supervisor de manutenção elétrica de alta tensão industrial
9503-05,Supervisor de manutenção eletromecânica
9501-10,Supervisor de manutenção eletromecânica industrial; comercial e predial
7301-05,Supervisor de montagem e instalação eletroeletrônica
8601-15,Supervisor de operação elétrica (geração; transmissão e distribuição de energia elétrica)
3426-10,Supervisor de operações portuárias
4102-30,Supervisor de orçamento
7101-15,Supervisor de perfuração e desmonte
8401-05,Supervisor de produção da indústria alimentícia
7101-20,Supervisor de produção na mineração
4201-25,Supervisor de recepcionistas
9109-05,Supervisor de reparos linhas férreas
4201-30,Supervisor de telefonistas
4201-35,Supervisor de telemarketing e atendimento
4102-35,Supervisor de tesouraria
7101-25,Supervisor de transporte na mineração
5101-05,Supervisor de transportes
7102-20,Supervisor de usina de concreto
5201-10,Supervisor de vendas comercial
5201-05,Supervisor de vendas de serviços
5103-10,Supervisor de vigilantes
3732-20,Supervisor técnico operacional de sistemas de televisão e produtoras de vídeo
7522-35,Surfassagista
5136-15,Sushiman
2413-35,Tabelião de notas
2413-40,Tabelião de protestos
5111-15,Taifeiro (exceto militares)
7711-20,Tanoeiro
7652-40,Tapeceiro de autos
7165-35,Taqueiro
3515-10,Taquígrafo
3281-10,Taxidermista
7613-03,Tecelão (redes)
7613-06,Tecelão (rendas e bordados)
7613-09,Tecelão (tear automático)
7613-12,Tecelão (tear jacquard)
7681-05,Tecelão (tear manual)
7613-15,Tecelão (tear mecânico de maquineta)
7613-18,Tecelão (tear mecânico de xadrez)
7613-21,Tecelão (tear mecânico liso)
7613-30,Tecelão de malhas (máquina circular)
7613-33,Tecelão de malhas (máquina retilínea)
7613-27,Tecelão de malhas; a máquina
7613-39,Tecelão de meias (máquina circular)
7613-42,Tecelão de meias (máquina retilínea)
7613-36,Tecelão de meias; a máquina
7681-10,Tecelão de tapetes; a mão
7613-45,Tecelão de tapetes; a máquina
3211-05,Técnico agrícola
3211-10,Técnico agropecuário
2541-10,Técnico da receita federal
3147-05,Técnico de acabamento em siderurgia
3147-10,Técnico de aciaria em siderurgia
3252-05,Técnico de alimentos
3012-05,Técnico de apoio à bioengenharia
3951-05,Técnico de apoio em pesquisa e desenvolvimento (exceto agropecuário e florestal)
3951-10,Técnico de apoio em pesquisa e desenvolvimento agropecuário florestal
3111-10,Técnico de celulose e papel
3133-05,Técnico de comunicação de dados
3511-05,Técnico de contabilidade
3115-05,Técnico de controle de meio ambiente
2241-25,Técnico de desporto individual e coletivo (exceto futebol)
3222-05,Técnico de enfermagem
3222-45,Técnico de enfermagem da estratégia de saúde da família
3222-10,Técnico de enfermagem de terapia intensiva
3222-15,Técnico de enfermagem do trabalho
3222-20,Técnico de enfermagem psiquiátrica
3122-05,Técnico de estradas
3147-15,Técnico de fundição em siderurgia
3912-10,Técnico de garantia da qualidade
3226-05,Técnico de imobilização ortopédica
2241-30,Técnico de laboratório e fiscalização desportiva
3011-05,Técnico de laboratório industrial
3147-20,Técnico de laminação em siderurgia
3144-05,Técnico de manutenção de sistemas e instrumentos
3131-20,Técnico de manutenção elétrica
3131-25,Técnico de manutenção elétrica de máquina
3132-05,Técnico de manutenção eletrônica
3911-35,Técnico de matéria-prima e material
3115-10,Técnico de meteorologia
3163-05,Técnico de mineração
3163-10,Técnico de mineração (óleo e petróleo)
3121-05,Técnico de obras civis
8131-30,Técnico de operação (química; petroquímica e afins)
3532-05,Técnico de operações e serviços bancários - câmbio
3532-10,Técnico de operações e serviços bancários - crédito imobiliário
3532-15,Técnico de operações e serviços bancários - crédito rural
3532-20,Técnico de operações e serviços bancários - leasing
3532-25,Técnico de operações e serviços bancários - renda fixa e variável
3225-05,Técnico de ortopedia
3912-20,Técnico de painel de controle
3911-25,Técnico de planejamento de produção
3911-30,Técnico de planejamento e programação da manutenção
3163-25,Técnico de produção em refino de petróleo
3133-10,Técnico de rede (telecomunicações)
3147-25,Técnico de redução na siderurgia (primeira fusão)
3517-35,Técnico de resseguros
3122-10,Técnico de saneamento
3517-40,Técnico de seguros
3133-15,Técnico de telecomunicações (telefonia)
3133-20,Técnico de transmissão (telecomunicações)
2544-15,Técnico de tributos estadual
2544-20,Técnico de tributos municipal
3541-35,Técnico de vendas
3131-30,Técnico eletricista
3132-15,Técnico eletrônico
3221-05,Técnico em acupuntura
3513-05,Técnico em administração
3513-10,Técnico em administração de comércio exterior
3123-05,Técnico em agrimensura
3541-40,Técnico em atendimento e vendas
3143-05,Técnico em automobilística
3711-10,Técnico em biblioteconomia
3253-05,Técnico em biotecnologia
3201-05,Técnico em bioterismo
3114-05,Técnico em borracha
3146-10,Técnico em caldeiraria
3134-05,Técnico em calibração
3213-10,Técnico em carcinicultura
3191-10,Técnico em confecções do vestuário
3111-15,Técnico em curtimento
3524-20,Técnico em direitos autorais
3003-05,Técnico em eletromecânica
3146-15,Técnico em estruturas metálicas
3251-15,Técnico em farmácia
3135-05,Técnico em fotônica
3123-10,Técnico em geodésia e cartografia
3161-05,Técnico em geofísica
3161-10,Técnico em geologia
3161-15,Técnico em geoquímica
3161-20,Técnico em geotecnia
3741-05,Técnico em gravação de áudio
3242-20,Técnico em hemoterapia
3123-15,Técnico em hidrografia
3516-10,Técnico em higiene ocupacional
3253-10,Técnico em imunobiológicos
3741-10,Técnico em instalação de equipamentos de áudio
3134-10,Técnico em instrumentação
3251-10,Técnico em laboratório de farmácia
3212-05,Técnico em madeira
9151-15,Técnico em manutenção de balanças
3132-20,Técnico em manutenção de equipamentos de informática
9151-05,Técnico em manutenção de instrumentos de medição e precisão
3144-10,Técnico em manutenção de máquinas
3741-15,Técnico em masterização de áudio
3113-05,Técnico em materiais; produtos cerâmicos e vidros
3141-05,Técnico em mecânica de precisão
3001-05,Técnico em mecatrônica - automação da manufatura
3001-10,Técnico em mecatrônica - robótica
3241-05,Técnico em métodos eletrográficos em encefalografia
3241-10,Técnico em métodos gráficos em cardiologia
3213-15,Técnico em mitilicultura
3741-30,Técnico em mixagem de áudio
3712-10,Técnico em museologia
3252-10,Técnico em nutrição e dietética
3732-10,Técnico em operação de equipamento de exibição de televisão
3732-15,Técnico em operação de equipamentos de transmissão/recepção de televisão
3223-05,Técnico em óptica e optometria
3242-05,Técnico em patologia clínica
3231-05,Técnico em pecuária
3163-20,Técnico em pesquisa mineral
3112-05,Técnico em petroquímica
3213-05,Técnico em piscicultura
3163-30,Técnico em planejamento de lavra de minas
3114-10,Técnico em plástico
3163-15,Técnico em processamento mineral (exceto petróleo)
3713-05,Técnico em programação visual
3221-15,Técnico em quiropraxia
3241-15,Técnico em radiologia e imagenologia
3213-20,Técnico em ranicultura
3224-05,Técnico em saúde bucal
3224-25,Técnico em saúde bucal da estratégia de saúde da família
3515-05,Técnico em secretariado
3516-05,Técnico em segurança do trabalho
3146-20,Técnico em soldagem
3741-25,Técnico em sonorização
3115-20,Técnico em tratamento de efluentes
3548-05,Técnico em turismo
3212-10,Técnico florestal
3713-10,Técnico gráfico
3141-10,Técnico mecânico
3143-10,Técnico mecânico (aeronaves)
3141-15,Técnico mecânico (calefação; ventilação e refrigeração)
3143-15,Técnico mecânico (embarcações)
3141-20,Técnico mecânico (máquinas)
3141-25,Técnico mecânico (motores)
3142-05,Técnico mecânico na fabricação de ferramentas
3142-10,Técnico mecânico na manutenção de ferramentas
3912-30,Técnico operacional de serviços de correios
3111-05,Técnico químico
3011-15,Técnico químico de petróleo
3116-05,Técnico têxtil
3116-10,Técnico têxtil (tratamentos químicos)
3116-15,Técnico têxtil de fiação
3116-25,Técnico têxtil de tecelagem
2222-15,Tecnólogo em alimentos
2021-20,Tecnólogo em automação industrial
2142-80,Tecnólogo em construção civil
2143-60,Tecnólogo em eletricidade
2143-65,Tecnólogo em eletrônica
2144-35,Tecnólogo em fabricação mecânica
1421-20,Tecnólogo em gestão administrativo- financeira
1425-35,Tecnólogo em gestão da tecnologia da informação
1312-15,Tecnólogo em gestão hospitalar
3421-25,Tecnólogo em logística de transporte
2021-15,Tecnólogo em mecatrônica
2140-10,Tecnólogo em meio ambiente
2146-15,Tecnólogo em metalurgia
2147-45,Tecnólogo em petróleo e gás
2132-15,Tecnólogo em processos químicos
2621-35,Tecnólogo em produção audiovisual
2621-30,Tecnólogo em produção fonográfica
2149-30,Tecnólogo em produção industrial
2145-35,Tecnólogo em produção sulcroalcooleira
3241-20,Tecnólogo em radiologia
2147-50,Tecnólogo em rochas ornamentais
2149-35,Tecnólogo em segurança do trabalho
1427-10,Tecnólogo em sistemas biomédicos
3146-25,Tecnólogo em soldagem
2143-70,Tecnólogo em telecomunicações
3241-25,Tecnólogo oftálmico
4222-05,Telefonista
4222-10,Teleoperador
7162-05,Telhador (telhas de argila e materiais similares)
7162-10,Telhador (telhas de cimento-amianto)
7162-15,Telhador (telhas metálicas)
7162-20,Telhador (telhas plásticas)
7231-25,Temperador de metais e de compósitos
8232-55,Temperador de vidro
0303-05,Tenente do corpo de bombeiros militar
0301-15,Tenente-coronel bombeiro militar
0201-10,Tenente-coronel da polícia militar
2631-15,Teólogo
3221-25,Terapeuta holístico
2239-05,Terapeuta ocupacional
3532-30,Tesoureiro de banco
3117-25,Tingidor de couros e peles
5163-30,Tingidor de roupas
7686-05,Tipógrafo
3762-50,Titeriteiro
3123-20,Topógrafo
7122-25,Torneiro (lavra de pedra)
7733-55,Torneiro na usinagem convencional de madeira
8416-25,Torrador de cacau
8416-10,Torrador de café
7113-30,Torrista (petróleo)
5193-20,Tosador de animais domésticos
6210-05,Trabalhador agropecuário em geral
6233-05,Trabalhador da avicultura de corte
6233-10,Trabalhador da avicultura de postura
6232-05,Trabalhador da caprinocultura
6222-05,Trabalhador da cultura de algodão
6221-05,Trabalhador da cultura de arroz
6226-05,Trabalhador da cultura de cacau
6226-10,Trabalhador da cultura de café
6221-10,Trabalhador da cultura de cana-de-açúcar
6226-15,Trabalhador da cultura de erva-mate
6228-05,Trabalhador da cultura de especiarias
6226-20,Trabalhador da cultura de fumo
6226-25,Trabalhador da cultura de guaraná
6221-15,Trabalhador da cultura de milho e sorgo
6228-10,Trabalhador da cultura de plantas aromáticas e medicinais
6222-10,Trabalhador da cultura de sisal
6221-20,Trabalhador da cultura de trigo; aveia; cevada e triticale
6222-15,Trabalhador da cultura do rami
6233-20,Trabalhador da cunicultura
8233-20,Trabalhador da elaboração de pré-fabricados (cimento amianto)
8233-25,Trabalhador da elaboração de pré-fabricados (concreto armado)
6324-05,Trabalhador da exploração de açaí
6323-05,Trabalhador da exploração de andiroba
6323-10,Trabalhador da exploração de babaçu
6323-15,Trabalhador da exploração de bacaba
6323-20,Trabalhador da exploração de buriti
6323-25,Trabalhador da exploração de carnaúba
6324-10,Trabalhador da exploração de castanha
6323-30,Trabalhador da exploração de coco-da-praia
6323-35,Trabalhador da exploração de copaíba
6322-10,Trabalhador da exploração de espécies produtoras de gomas não elásticas
6325-15,Trabalhador da exploração de madeiras tanantes
6323-40,Trabalhador da exploração de malva (pãina)
6323-45,Trabalhador da exploração de murumuru
6323-50,Trabalhador da exploração de oiticica
6323-55,Trabalhador da exploração de ouricuri
6323-60,Trabalhador da exploração de pequi
6323-65,Trabalhador da exploração de piaçava
6324-15,Trabalhador da exploração de pinhão
6324-20,Trabalhador da exploração de pupunha
6322-15,Trabalhador da exploração de resinas
6323-70,Trabalhador da exploração de tucum
6325-25,Trabalhador da extração de substâncias aromáticas; medicinais e tóxicas; em geral
8121-10,Trabalhador da fabricação de munição e explosivos
8233-30,Trabalhador da fabricação de pedras artificiais
8111-25,Trabalhador da fabricação de resinas e vernizes
5143-25,Trabalhador da manutenção de edificações
6232-10,Trabalhador da ovinocultura
6231-05,Trabalhador da pecuária (asininos e muares)
6231-15,Trabalhador da pecuária (bovinos leite)
6231-20,Trabalhador da pecuária (bubalinos)
6231-25,Trabalhador da pecuária (eqüinos)
6232-15,Trabalhador da suinocultura
6321-25,Trabalhador de extração florestal; em geral
8414-76,Trabalhador de fabricação de margarina
8483-25,Trabalhador de fabricação de sorvete
8111-30,Trabalhador de fabricação de tintas
8417-20,Trabalhador de fabricação de vinhos
6230-15,Trabalhador de pecuária polivalente
8414-84,Trabalhador de preparação de pescados (limpeza)
5142-25,Trabalhador de serviços de limpeza e conservação de áreas públicas
8415-05,Trabalhador de tratamento do leite e fabricação de laticínios e afins
7654-05,Trabalhador do acabamento de artefatos de tecidos e couros
8486-05,Trabalhador do beneficiamento de fumo
6234-05,Trabalhador em criatórios de animais produtores de veneno
6234-10,Trabalhador na apicultura
6227-05,Trabalhador na cultura de amendoim
6227-10,Trabalhador na cultura de canola
6227-15,Trabalhador na cultura de coco-da-baía
6227-20,Trabalhador na cultura de dendê
6227-25,Trabalhador na cultura de mamona
6227-30,Trabalhador na cultura de soja
6227-35,Trabalhador na cultura do girassol
6227-40,Trabalhador na cultura do linho
8232-65,Trabalhador na fabricação de produtos abrasivos
6234-15,Trabalhador na minhocultura
6223-05,Trabalhador na olericultura (frutos e sementes)
6223-10,Trabalhador na olericultura (legumes)
6223-15,Trabalhador na olericultura (raízes; bulbos e tubérculos)
6223-20,Trabalhador na olericultura (talos; folhas e flores)
6430-10,Trabalhador na operação de sistema de irrigação por aspersão (pivô central)
6430-25,Trabalhador na operação de sistemas de irrigação por superfície e drenagem
6220-15,Trabalhador na produção de mudas e sementes
6234-20,Trabalhador na sericicultura
6225-05,Trabalhador no cultivo de árvores frutíferas
6225-10,Trabalhador no cultivo de espécies frutíferas rasteiras
6224-05,Trabalhador no cultivo de flores e folhagens de corte
6224-10,Trabalhador no cultivo de flores em vaso
6224-15,Trabalhador no cultivo de forrações
6224-20,Trabalhador no cultivo de mudas
6224-25,Trabalhador no cultivo de plantas ornamentais
6225-15,Trabalhador no cultivo de trepadeiras frutíferas
7640-05,Trabalhador polivalente da confecção de calçados
7620-05,Trabalhador polivalente do curtimento de couros e peles
6220-20,Trabalhador volante da agricultura
7122-30,Traçador de pedras
2614-20,Tradutor
7246-10,Trançador de cabos de aço
7521-20,Transformador de tubos de vidro
3762-55,Trapezista
6230-20,Tratador de animais
6410-15,Tratorista agrícola
7511-30,Trefilador (joalheria e ourivesaria)
8117-75,Trefilador de borracha
7224-15,Trefilador de metais; à máquina
2241-35,Treinador profissional de futebol
7681-15,Tricoteiro; à mão
7828-10,Tropeiro
1225-20,Turismólogo
2141-30,Urbanista
7623-45,Vaqueador de couros e peles
5142-15,Varredor de rua
7764-30,Vassoureiro
5242-15,Vendedor permissionário
5243-05,Vendedor ambulante
5211-10,Vendedor de comércio varejista
5211-05,Vendedor em comércio atacadista
5241-05,Vendedor em domicílio
3541-45,Vendedor pracista
1111-20,Vereador
7170-25,Vibradorista
1112-40,Vice-governador de estado
1112-45,Vice-governador do distrito federal
1112-55,Vice-prefeito
1112-10,Vice-presidente da república
7163-05,Vidraceiro
7163-10,Vidraceiro (edificações)
7163-15,Vidraceiro (vitrais)
5174-20,Vigia
5173-20,Vigia florestal
5173-25,Vigia portuário
5173-30,Vigilante
8417-40,Vinagreiro
5151-20,Visitador sanitário
2151-50,Vistoriador naval
3751-15,Visual merchandiser
6320-15,Viveirista florestal
8417-45,Xaropeiro
5141-20,Zelador de edifício
2233-10,Zootecnista
